Fecha,Mes,Derivex_Max,Derivex_Min
2010-10,2010-10,137.0,121.5
2010-10,2010-11,134.0,118.5
2010-10,2010-12,140.0,122.5
2010-10,2011-01,144.24,132.0
2010-11,2010-11,125.5,90.1
2010-11,2010-12,130.0,115.0
2010-11,2011-01,140.0,122.1
2010-11,2011-02,140.0,124.5
2010-12,2010-12,110.0,64.0
2010-12,2011-01,120.0,99.27
2010-12,2011-02,130.0,108.0
2010-12,2011-03,128.0,118.0
2011-01,2011-01,110.0,87.36
2011-01,2011-02,119.0,104.0
2011-01,2011-03,124.0,107.0
2011-01,2011-04,123.5,109.12
2011-02,2011-02,124.0,105.21
2011-02,2011-03,124.23,115.0
2011-02,2011-04,120.0,113.21
2011-02,2011-05,115.96,106.6
2011-03,2011-03,115.85,81.0
2011-03,2011-04,115.01,100.0
2011-03,2011-05,111.5,104.98
2011-03,2011-06,113.85,105.0
2011-04,2011-04,102.0,75.5
2011-04,2011-05,106.68,90.0
2011-04,2011-06,108.01,90.83
2011-04,2011-07,110.0,100.0
2011-05,2011-05,91.0,57.61
2011-05,2011-06,91.5,83.92
2011-05,2011-07,98.83,90.0
2011-05,2011-08,100.0,95.0
2011-06,2011-06,83.5,59.04
2011-06,2011-07,90.5,78.36
2011-06,2011-08,95.0,82.0
2011-06,2011-09,100.0,89.44
2011-07,2011-07,84.5,56.7
2011-07,2011-08,90.0,85.13
2011-07,2011-09,97.0,95.0
2011-07,2011-10,100.0,98.0
2011-08,2011-08,94.35,76.72
2011-08,2011-09,99.09,93.0
2011-08,2011-10,104.0,99.25
2011-08,2011-11,103.09,99.52
2011-09,2011-09,98.0,85.9
2011-09,2011-10,108.08,92.89
2011-09,2011-11,106.4,90.7
2011-09,2011-12,110.1,95.1
2011-10,2011-10,95.75,75.9
2011-10,2011-11,103.0,95.0
2011-10,2011-12,106.1,94.0
2011-10,2012-01,115.3,110.0
2011-10,2012-02,130.0,117.5
2011-10,2012-03,130.0,118.0
2011-10,2012-04,124.0,114.0
2011-10,2012-05,110.0,102.5
2011-10,2012-06,105.0,96.61
2011-10,2012-07,102.0,96.57
2011-10,2012-08,110.0,96.52
2011-10,2012-09,114.88,106.23
2011-10,2012-10,120.0,104.44
2011-11,2011-11,95.0,70.1
2011-11,2011-12,101.0,74.42
2011-11,2012-01,113.46,95.0
2011-11,2012-02,124.47,106.89
2011-11,2012-03,125.78,120.0
2011-11,2012-04,121.35,111.25
2011-11,2012-05,106.54,101.49
2011-11,2012-06,101.0,95.8
2011-11,2012-07,101.0,93.14
2011-11,2012-08,106.0,96.52
2011-11,2012-09,111.39,102.97
2011-11,2012-10,109.5,103.22
2011-11,2012-11,105.19,100.0
2011-12,2011-12,90.0,55.0
2011-12,2012-01,110.83,100.5
2011-12,2012-02,124.0,118.0
2011-12,2012-03,120.0,116.0
2011-12,2012-04,115.0,110.13
2011-12,2012-05,106.09,100.0
2011-12,2012-06,105.0,96.17
2011-12,2012-07,100.0,91.58
2011-12,2012-08,103.24,92.4
2011-12,2012-09,112.5,100.8
2011-12,2012-10,109.0,100.95
2011-12,2012-11,110.0,99.99
2011-12,2012-12,127.5,109.95
2012-01,2012-01,105.0,56.0
2012-01,2012-02,116.6,108.0
2012-01,2012-03,115.79,110.0
2012-01,2012-04,112.0,108.0
2012-01,2012-05,105.18,101.0
2012-01,2012-06,103.06,96.61
2012-01,2012-07,102.5,92.0
2012-01,2012-08,101.74,93.04
2012-01,2012-09,110.39,105.0
2012-01,2012-10,114.5,100.95
2012-01,2012-11,111.96,100.0
2012-01,2012-12,123.73,110.71
2012-01,2013-01,131.0,130.0
2012-02,2012-02,89.2,65.0
2012-02,2012-03,108.5,80.0
2012-02,2012-04,105.5,100.0
2012-02,2012-05,104.0,99.39
2012-02,2012-06,103.06,96.17
2012-02,2012-07,97.86,90.78
2012-02,2012-08,100.0,92.4
2012-02,2012-09,110.0,100.0
2012-02,2012-10,110.0,102.31
2012-02,2012-11,110.0,100.0
2012-02,2012-12,123.73,111.42
2012-02,2013-01,130.0,120.0
2012-02,2013-02,135.0,90.0
2012-03,2012-03,133.92,105.5
2012-03,2012-04,120.0,105.0
2012-03,2012-05,110.0,102.0
2012-03,2012-06,105.0,98.5
2012-03,2012-07,104.0,95.5
2012-03,2012-08,114.5,98.5
2012-03,2012-09,116.0,105.0
2012-03,2012-10,120.0,104.44
2012-03,2012-11,115.96,101.5
2012-03,2012-12,125.0,121.23
2012-03,2013-01,130.5,122.2
2012-03,2013-02,137.5,125.3
2012-03,2013-03,135.59,122.0
2012-04,2012-04,110.63,56.26
2012-04,2012-05,105.0,86.0
2012-04,2012-06,102.5,95.5
2012-04,2012-07,104.0,97.0
2012-04,2012-08,114.0,104.0
2012-04,2012-09,111.0,105.0
2012-04,2012-10,116.0,107.5
2012-04,2012-11,115.0,107.33
2012-04,2012-12,125.0,122.45
2012-04,2013-01,131.0,130.0
2012-04,2013-02,138.5,134.0
2012-04,2013-03,137.5,133.0
2012-04,2013-04,131.93,125.1
2012-05,2012-05,95.0,45.0
2012-05,2012-06,100.0,84.0
2012-05,2012-07,100.0,87.0
2012-05,2012-08,110.0,97.55
2012-05,2012-09,114.0,103.5
2012-05,2012-10,115.0,102.61
2012-05,2012-11,113.0,102.66
2012-05,2012-12,124.5,121.23
2012-05,2013-01,133.32,126.5
2012-05,2013-02,135.0,132.0
2012-05,2013-03,135.0,130.5
2012-05,2013-04,130.0,123.65
2012-05,2013-05,123.0,111.46
2012-06,2012-06,99.0,80.0
2012-06,2012-07,102.0,94.55
2012-06,2012-08,112.0,100.0
2012-06,2012-09,113.0,105.0
2012-06,2012-10,117.21,108.5
2012-06,2012-11,112.0,105.0
2012-06,2012-12,125.0,122.0
2012-06,2013-01,135.0,128.0
2012-06,2013-02,135.0,133.5
2012-06,2013-03,135.86,135.0
2012-06,2013-04,132.5,125.0
2012-06,2013-05,127.5,115.0
2012-06,2013-06,127.0,115.0
2012-07,2012-07,100.0,73.0
2012-07,2012-08,120.0,106.0
2012-07,2012-09,122.25,111.0
2012-07,2012-10,125.0,113.5
2012-07,2012-11,125.0,109.83
2012-07,2012-12,133.0,120.8
2012-07,2013-01,146.0,133.57
2012-07,2013-02,145.95,135.0
2012-07,2013-03,140.0,135.0
2012-07,2013-04,135.0,125.3
2012-07,2013-05,123.0,113.0
2012-07,2013-06,123.75,114.0
2012-07,2013-07,125.15,114.0
2012-08,2012-08,139.16,115.0
2012-08,2012-09,146.55,121.25
2012-08,2012-10,146.5,124.5
2012-08,2012-11,148.5,123.36
2012-08,2012-12,151.5,128.18
2012-08,2013-01,159.0,140.0
2012-08,2013-02,156.78,139.0
2012-08,2013-03,156.05,138.19
2012-08,2013-04,143.43,126.65
2012-08,2013-05,124.66,117.5
2012-08,2013-06,126.25,117.12
2012-08,2013-07,125.56,120.0
2012-08,2013-08,131.43,115.4
2012-09,2012-09,176.0,137.0
2012-09,2012-10,165.0,138.75
2012-09,2012-11,169.0,133.0
2012-09,2012-12,186.0,144.0
2012-09,2013-01,178.0,150.0
2012-09,2013-02,197.5,145.48
2012-09,2013-03,196.0,145.01
2012-09,2013-04,166.87,128.85
2012-09,2013-05,135.0,113.0
2012-09,2013-06,135.0,111.73
2012-09,2013-07,135.0,108.37
2012-09,2013-08,144.0,116.86
2012-09,2013-09,140.0,129.91
2012-10,2012-02,186.0,185.0
2012-10,2012-10,216.0,139.87
2012-10,2012-11,185.0,145.0
2012-10,2012-12,186.0,150.0
2012-10,2013-01,210.0,168.0
2012-10,2013-02,210.0,175.0
2012-10,2013-03,210.0,170.0
2012-10,2013-04,206.29,155.0
2012-10,2013-05,143.0,121.15
2012-10,2013-06,135.0,118.75
2012-10,2013-07,135.0,115.0
2012-10,2013-08,145.0,115.93
2012-10,2013-09,141.5,122.96
2012-10,2013-10,145.0,121.41
2012-11,2012-11,185.0,160.0
2012-11,2012-12,192.0,160.0
2012-11,2013-01,200.0,172.5
2012-11,2013-02,202.0,180.0
2012-11,2013-03,201.0,185.0
2012-11,2013-04,185.0,160.0
2012-11,2013-05,141.51,130.0
2012-11,2013-06,140.0,120.0
2012-11,2013-07,136.0,115.0
2012-11,2013-08,143.0,116.86
2012-11,2013-09,131.0,120.0
2012-11,2013-10,137.5,120.0
2012-11,2013-11,142.5,120.0
2012-12,2012-12,182.67,160.0
2012-12,2013-01,206.27,180.0
2012-12,2013-02,220.0,182.0
2012-12,2013-03,200.5,180.0
2012-12,2013-04,195.4,160.0
2012-12,2013-05,150.0,130.0
2012-12,2013-06,137.5,122.5
2012-12,2013-07,140.0,120.0
2012-12,2013-08,130.0,118.43
2012-12,2013-09,131.0,120.0
2012-12,2013-10,139.5,122.82
2012-12,2013-11,142.5,128.44
2012-12,2013-12,150.0,136.7
2013-01,2013-01,189.0,176.16
2013-01,2013-02,203.0,182.0
2013-01,2013-03,210.0,174.0
2013-01,2013-04,181.9,144.0
2013-01,2013-05,140.3,111.46
2013-01,2013-06,130.2,115.0
2013-01,2013-07,126.4,106.6
2013-01,2013-08,130.0,110.0
2013-01,2013-09,132.0,120.0
2013-01,2013-10,144.0,116.22
2013-01,2013-11,140.0,120.0
2013-01,2013-12,142.05,118.28
2013-01,2014-01,160.0,145.73
2013-02,2013-02,220.0,180.08
2013-02,2013-03,220.0,177.98
2013-02,2013-04,186.13,145.62
2013-02,2013-05,149.0,130.0
2013-02,2013-06,136.84,125.0
2013-02,2013-07,130.0,123.0
2013-02,2013-08,130.0,125.0
2013-02,2013-09,130.0,125.0
2013-02,2013-10,145.0,130.0
2013-02,2013-11,140.0,130.0
2013-02,2013-12,154.0,140.0
2013-02,2014-01,170.0,146.55
2013-02,2014-02,180.0,150.0
2013-03,2013-03,177.98,145.6
2013-03,2013-04,140.0,125.0
2013-03,2013-05,131.0,115.0
2013-03,2013-06,130.0,109.2
2013-03,2013-07,130.0,105.0
2013-03,2013-08,130.0,115.0
2013-03,2013-09,130.0,115.0
2013-03,2013-10,131.0,120.0
2013-03,2013-11,138.61,118.95
2013-03,2013-12,148.0,133.99
2013-03,2014-01,161.19,146.55
2013-03,2014-02,170.0,150.44
2013-03,2014-03,170.0,134.96
2013-04,2013-04,230.0,130.0
2013-04,2013-05,141.0,115.0
2013-04,2013-06,122.95,115.0
2013-04,2013-07,117.32,110.8
2013-04,2013-08,125.0,115.4
2013-04,2013-09,129.33,123.07
2013-04,2013-10,128.5,120.0
2013-04,2013-11,136.0,119.75
2013-04,2013-12,142.15,130.0
2013-04,2014-01,148.69,143.37
2013-04,2014-02,152.01,140.0
2013-04,2014-03,152.68,130.0
2013-04,2014-04,139.17,121.67
2013-05,2013-05,159.27,139.0
2013-05,2013-06,129.0,120.0
2013-05,2013-07,125.0,110.13
2013-05,2013-08,124.28,111.24
2013-05,2013-09,126.91,122.81
2013-05,2013-10,130.0,120.79
2013-05,2013-11,133.0,122.5
2013-05,2013-12,142.05,127.92
2013-05,2014-01,147.19,138.52
2013-05,2014-02,147.27,139.53
2013-05,2014-03,139.92,131.48
2013-05,2014-04,129.81,123.24
2013-05,2014-05,124.88,114.5
2013-06,2013-06,140.0,115.0
2013-06,2013-07,128.0,115.59
2013-06,2013-08,128.0,115.26
2013-06,2013-09,129.0,121.0
2013-06,2013-10,129.0,123.0
2013-06,2013-11,127.5,122.0
2013-06,2013-12,140.0,127.5
2013-06,2014-01,147.34,133.22
2013-06,2014-02,150.44,140.0
2013-06,2014-03,142.46,129.93
2013-06,2014-04,125.0,120.0
2013-06,2014-05,120.61,117.27
2013-06,2014-06,120.81,112.5
2013-07,2013-07,234.5,133.25
2013-07,2013-08,180.0,130.97
2013-07,2013-09,154.81,130.0
2013-07,2013-10,154.69,130.0
2013-07,2013-11,156.0,132.56
2013-07,2013-12,166.15,135.0
2013-07,2014-01,172.37,147.22
2013-07,2014-02,165.0,150.88
2013-07,2014-03,150.0,141.13
2013-07,2014-04,137.93,124.31
2013-07,2014-05,127.99,115.0
2013-07,2014-06,124.0,116.02
2013-07,2014-07,118.1,105.0
2013-08,2013-08,200.0,147.0
2013-08,2013-09,171.0,145.0
2013-08,2013-10,160.0,140.0
2013-08,2013-11,160.0,145.0
2013-08,2013-12,170.0,144.0
2013-08,2014-01,160.0,145.18
2013-08,2014-02,155.44,138.0
2013-08,2014-03,149.87,130.88
2013-08,2014-04,139.31,126.82
2013-08,2014-05,121.5,115.41
2013-08,2014-06,119.27,110.26
2013-08,2014-07,119.1,105.0
2013-08,2014-08,129.0,110.0
2013-09,2013-09,150.0,135.9
2013-09,2013-10,150.0,133.67
2013-09,2013-11,150.0,135.0
2013-09,2013-12,150.0,137.13
2013-09,2014-01,150.23,144.39
2013-09,2014-02,153.89,146.44
2013-09,2014-03,159.25,146.3
2013-09,2014-04,142.86,130.0
2013-09,2014-05,120.0,114.46
2013-09,2014-06,121.34,114.22
2013-09,2014-07,121.0,108.2
2013-09,2014-08,125.7,112.1
2013-09,2014-09,129.9,105.0
2013-09,2014-10,135.7,119.4
2013-09,2014-11,131.6,124.0
2013-09,2014-12,133.5,123.8
2013-09,2015-01,147.7,135.0
2013-09,2015-02,161.7,135.0
2013-10,2013-10,200.0,137.35
2013-10,2013-11,182.0,136.63
2013-10,2013-12,170.0,139.6
2013-10,2014-01,162.5,142.82
2013-10,2014-02,160.43,149.33
2013-10,2014-03,165.41,147.26
2013-10,2014-04,145.93,134.26
2013-10,2014-05,128.0,115.0
2013-10,2014-06,125.0,115.0
2013-10,2014-07,122.66,113.04
2013-10,2014-08,123.14,110.0
2013-10,2014-09,123.31,116.89
2013-10,2014-10,131.99,124.51
2013-10,2014-11,129.01,121.27
2013-10,2014-12,133.24,124.51
2013-10,2015-01,151.78,136.79
2013-10,2015-02,159.54,136.79
2013-10,2015-03,149.83,132.75
2013-11,2013-11,219.5,182.0
2013-11,2013-12,220.0,185.0
2013-11,2014-01,167.5,145.99
2013-11,2014-02,167.78,159.78
2013-11,2014-03,166.21,160.0
2013-11,2014-04,150.0,142.86
2013-11,2014-05,130.0,115.84
2013-11,2014-06,122.72,115.0
2013-11,2014-07,122.66,114.11
2013-11,2014-08,127.16,117.44
2013-11,2014-09,125.2,120.0
2013-11,2014-10,137.35,130.0
2013-11,2014-11,132.41,126.0
2013-11,2014-12,132.41,126.0
2013-11,2015-01,134.79,127.48
2013-11,2015-02,144.72,129.29
2013-11,2015-03,144.72,129.29
2013-11,2015-04,131.0,128.0
2013-12,2013-12,238.26,177.66
2013-12,2014-01,185.0,150.0
2013-12,2014-02,191.36,161.87
2013-12,2014-03,176.0,158.97
2013-12,2014-04,160.14,146.86
2013-12,2014-05,150.0,129.92
2013-12,2014-06,140.0,120.0
2013-12,2014-07,134.89,121.31
2013-12,2014-08,134.28,124.08
2013-12,2014-09,149.55,132.21
2013-12,2014-10,150.0,135.3
2013-12,2014-11,150.0,126.0
2013-12,2014-12,151.22,127.43
2013-12,2015-01,151.22,127.43
2013-12,2015-02,151.22,129.02
2013-12,2015-03,157.25,126.56
2013-12,2015-04,157.25,126.56
2013-12,2015-05,157.25,128.38
2014-01,2014-01,185.0,157.0
2014-01,2014-02,192.22,175.0
2014-01,2014-03,182.0,170.0
2014-01,2014-04,170.0,158.0
2014-01,2014-05,150.0,135.0
2014-01,2014-06,132.39,127.5
2014-01,2014-07,128.0,122.62
2014-01,2014-08,137.62,127.16
2014-01,2014-09,150.0,133.61
2014-01,2014-10,154.17,141.36
2014-01,2014-11,137.59,126.27
2014-01,2014-12,152.0,138.87
2014-01,2015-01,170.99,150.0
2014-01,2015-02,170.99,150.0
2014-01,2015-03,170.99,150.0
2014-01,2015-04,157.94,133.22
2014-01,2015-05,157.94,133.22
2014-01,2015-06,157.94,130.0
2014-02,2014-02,195.69,184.63
2014-02,2014-03,184.5,180.0
2014-02,2014-04,164.44,158.22
2014-02,2014-05,144.73,133.75
2014-02,2014-06,133.63,124.94
2014-02,2014-07,131.79,124.23
2014-02,2014-08,140.0,131.8
2014-02,2014-09,150.74,142.21
2014-02,2014-10,153.65,144.52
2014-02,2014-11,143.26,130.3
2014-02,2014-12,156.65,142.52
2014-02,2015-01,163.29,149.33
2014-02,2015-02,170.0,153.35
2014-02,2015-03,170.0,153.35
2014-02,2015-04,170.0,153.35
2014-02,2015-05,146.11,134.36
2014-02,2015-06,146.11,134.36
2014-02,2015-07,146.11,132.72
2014-03,2014-03,179.0,151.86
2014-03,2014-04,160.2,154.0
2014-03,2014-05,145.0,133.75
2014-03,2014-06,142.0,127.33
2014-03,2014-07,129.65,126.61
2014-03,2014-08,136.75,132.27
2014-03,2014-09,145.0,139.11
2014-03,2014-10,155.0,149.8
2014-03,2014-11,146.05,136.11
2014-03,2014-12,155.0,150.0
2014-03,2015-01,166.11,150.73
2014-03,2015-02,176.04,162.69
2014-03,2015-03,163.76,146.15
2014-03,2015-04,163.76,146.15
2014-03,2015-05,154.64,146.15
2014-03,2015-06,139.7,130.0
2014-03,2015-07,139.7,130.0
2014-03,2015-08,135.0,130.0
2014-04,2014-04,367.28,155.0
2014-04,2014-05,197.5,145.37
2014-04,2014-06,170.0,136.49
2014-04,2014-07,151.5,125.21
2014-04,2014-08,151.77,129.54
2014-04,2014-09,160.0,142.21
2014-04,2014-10,172.51,147.85
2014-04,2014-11,170.0,137.88
2014-04,2014-12,176.0,149.22
2014-04,2015-01,177.5,160.0
2014-04,2015-02,180.0,163.21
2014-04,2015-03,177.0,153.45
2014-04,2015-04,154.15,137.64
2014-04,2015-05,154.15,137.64
2014-04,2015-06,154.15,134.02
2014-04,2015-07,137.1,129.29
2014-04,2015-08,137.1,129.29
2014-04,2015-09,137.1,131.35
2014-05,2014-05,395.22,217.46
2014-05,2014-06,275.0,165.0
2014-05,2014-07,223.32,150.0
2014-05,2014-08,235.0,152.61
2014-05,2014-09,235.48,155.19
2014-05,2014-10,289.33,169.9
2014-05,2014-11,286.01,160.0
2014-05,2014-12,286.21,174.0
2014-05,2015-01,269.9,177.65
2014-05,2015-02,266.25,177.21
2014-05,2015-03,262.7,176.06
2014-05,2015-04,178.82,158.2
2014-05,2015-05,174.28,150.0
2014-05,2015-06,174.28,150.0
2014-05,2015-07,174.28,150.0
2014-05,2015-08,167.15,150.0
2014-05,2015-09,167.15,150.0
2014-05,2015-10, 167.15   , 142.50   
2014-06,2014-06,389.38,306.0
2014-06,2014-07,250.0,231.19
2014-06,2014-08,230.0,190.0
2014-06,2014-09,233.37,192.61
2014-06,2014-10,217.21,191.4
2014-06,2014-11,225.86,187.93
2014-06,2014-12,254.26,190.0
2014-06,2015-01,223.46,185.0
2014-06,2015-02,234.98,188.0
2014-06,2015-03,235.99,181.98
2014-06,2015-04,215.66,178.66
2014-06,2015-05,179.23,161.0
2014-06,2015-06,165.94,158.59
2014-06,2015-07,165.94,158.59
2014-06,2015-08,165.94,158.59
2014-06,2015-09,172.0,159.56
2014-06,2015-10, 172.00   , 159.56   
2014-06,2015-11,180.13,164.0
2014-07,2014-07,214.07,164.5
2014-07,2014-08,212.62,173.0
2014-07,2014-09,240.79,180.0
2014-07,2014-10,245.0,200.0
2014-07,2014-11,241.16,192.58
2014-07,2014-12,231.01,180.0
2014-07,2015-01,217.17,183.0
2014-07,2015-02,236.06,182.0
2014-07,2015-03,231.16,180.5
2014-07,2015-04,191.09,172.08
2014-07,2015-05,178.45,152.19
2014-07,2015-06,158.0,141.36
2014-07,2015-07,165.55,147.43
2014-07,2015-08,165.55,147.43
2014-07,2015-09,160.63,147.43
2014-07,2015-10, 168.80   , 153.80   
2014-07,2015-11,168.8,153.8
2014-07,2015-12,168.8,153.8
2014-08,2014-08,274.5,199.98
2014-08,2014-09,225.21,196.0
2014-08,2014-10,220.0,207.5
2014-08,2014-11,200.0,195.83
2014-08,2014-12,223.12,189.19
2014-08,2015-01,201.17,192.19
2014-08,2015-02,227.5,198.46
2014-08,2015-03,205.78,190.6
2014-08,2015-04,191.41,175.0
2014-08,2015-05,172.5,155.09
2014-08,2015-06,153.71,138.0
2014-08,2015-07,151.56,141.03
2014-08,2015-08,153.35,142.62
2014-08,2015-09,153.35,142.62
2014-08,2015-10, 155.00   , 142.62   
2014-08,2015-11,156.86,148.0
2014-08,2015-12,156.86,148.0
2014-08,2016-01,156.86,148.0
2014-09,2014-09,206.74,170.0
2014-09,2014-10,220.0,190.0
2014-09,2014-11,201.44,199.0
2014-09,2014-12,230.41,190.0
2014-09,2015-01,200.0,195.53
2014-09,2015-02,223.29,200.0
2014-09,2015-03,207.92,191.42
2014-09,2015-04,186.4,175.0
2014-09,2015-05,163.5,155.0
2014-09,2015-06,140.0,131.97
2014-09,2015-07,147.64,140.0
2014-09,2015-08,155.0,147.16
2014-09,2015-09,159.56,146.88
2014-09,2015-10, 159.56   , 146.88   
2014-09,2015-11,159.56,146.88
2014-09,2015-12,155.87,148.0
2014-09,2016-01,155.87,148.0
2014-09,2016-02,155.61,148.0
2014-10,2014-10,224.02,198.0
2014-10,2014-11,220.0,198.0
2014-10,2014-12,237.56,202.0
2014-10,2015-01,223.94,199.0
2014-10,2015-02,244.08,213.23
2014-10,2015-03,227.5,192.18
2014-10,2015-04,189.81,178.0
2014-10,2015-05,172.54,156.51
2014-10,2015-06,140.0,134.97
2014-10,2015-07,147.69,141.0
2014-10,2015-08,153.5,147.0
2014-10,2015-09,152.85,149.54
2014-10,2015-10, 162.98   , 147.21   
2014-10,2015-11,162.98,147.21
2014-10,2015-12,162.98,147.21
2014-10,2016-01,162.25,151.5
2014-10,2016-02,162.25,151.5
2014-10,2016-03,162.25,150.0
2014-11,2014-11,200.0,170.0
2014-11,2014-12,203.62,192.0
2014-11,2015-01,210.0,195.27
2014-11,2015-02,233.89,213.99
2014-11,2015-03,213.85,194.59
2014-11,2015-04,189.55,175.5
2014-11,2015-05,172.54,150.0
2014-11,2015-06,140.0,130.75
2014-11,2015-07,149.34,136.23
2014-11,2015-08,146.93,139.76
2014-11,2015-09,149.15,141.61
2014-11,2015-10, 152.00   , 142.00   
2014-11,2015-11,151.0,146.0
2014-11,2015-12,151.0,146.0
2014-11,2016-01,151.0,146.0
2014-11,2016-02,163.18,151.5
2014-11,2016-03,163.18,151.5
2014-11,2016-04,163.18,151.5
2014-12,2014-12,198.91,177.25
2014-12,2015-01,220.07,200.0
2014-12,2015-02,235.43,208.0
2014-12,2015-03,206.93,190.13
2014-12,2015-04,188.99,169.9
2014-12,2015-05,164.42,140.0
2014-12,2015-06,141.19,129.0
2014-12,2015-07,140.0,129.0
2014-12,2015-08,145.58,137.75
2014-12,2015-09,149.35,142.89
2014-12,2015-10, 152.00   , 146.01   
2014-12,2015-11,160.83,146.68
2014-12,2015-12,153.5,149.95
2014-12,2016-01,153.5,149.95
2014-12,2016-02,153.5,150.0
2014-12,2016-03,152.51,150.0
2014-12,2016-04,152.51,150.0
2014-12,2016-05,151.55,150.0
2015-01,2015-01,210.0,189.07
2015-01,2015-02,230.0,208.0
2015-01,2015-03,217.34,190.25
2015-01,2015-04,201.84,172.0
2015-01,2015-05,178.01,140.0
2015-01,2015-06,150.11,129.0
2015-01,2015-07,150.22,129.0
2015-01,2015-08,154.47,140.0
2015-01,2015-09,152.0,145.06
2015-01,2015-10, 152.00   , 144.97   
2015-01,2015-11,160.0,147.84
2015-01,2015-12,160.0,150.0
2015-01,2016-01,172.08,150.0
2015-01,2016-02,172.08,150.0
2015-01,2016-03,172.08,150.0
2015-01,2016-04,160.0,149.86
2015-01,2016-05,160.0,149.86
2015-01,2016-06,160.0,149.86
2015-02,2015-02,200.0,163.46
2015-02,2015-03,205.0,175.52
2015-02,2015-04,190.61,170.17
2015-02,2015-05,168.81,152.0
2015-02,2015-06,142.0,133.94
2015-02,2015-07,144.59,140.0
2015-02,2015-08,152.0,142.32
2015-02,2015-09,151.51,145.06
2015-02,2015-10, 151.27   , 143.19   
2015-02,2015-11,154.58,142.06
2015-02,2015-12,161.19,150.0
2015-02,2016-01,162.64,155.0
2015-02,2016-02,165.41,157.13
2015-02,2016-03,165.41,157.13
2015-02,2016-04,165.41,157.31
2015-02,2016-05,150.0,145.5
2015-02,2016-06,150.0,145.5
2015-02,2016-07,150.0,144.26
2015-03,2015-03,211.09,175.53
2015-03,2015-04,208.18,168.92
2015-03,2015-05,175.26,157.23
2015-03,2015-06,146.31,138.08
2015-03,2015-07,146.3,140.0
2015-03,2015-08,155.0,146.0
2015-03,2015-09,156.56,144.03
2015-03,2015-10, 153.00   , 147.96   
2015-03,2015-11,157.31,148.04
2015-03,2015-12,168.61,152.73
2015-03,2016-01,178.81,160.0
2015-03,2016-02,186.27,172.0
2015-03,2016-03,170.02,155.01
2015-03,2016-04,170.02,155.01
2015-03,2016-05,170.02,155.01
2015-03,2016-06,158.0,145.0
2015-03,2016-07,158.0,145.0
2015-03,2016-08,158.0,145.0
2015-04,2015-04,194.0,165.26
2015-04,2015-05,172.03,164.0
2015-04,2015-06,145.85,135.0
2015-04,2015-07,145.68,140.32
2015-04,2015-08,152.0,142.32
2015-04,2015-09,157.0,148.0
2015-04,2015-10, 160.00   , 147.92   
2015-04,2015-11,158.0,150.49
2015-04,2015-12,165.0,158.47
2015-04,2016-01,180.25,168.0
2015-04,2016-02,188.05,172.0
2015-04,2016-03,187.0,175.62
2015-04,2016-04,166.81,148.8
2015-04,2016-05,166.81,148.8
2015-04,2016-06,166.81,152.0
2015-04,2016-07,159.04,146.4
2015-04,2016-08,159.04,146.4
2015-04,2016-09,162.75,146.4
2015-05,2015-05,267.26,162.88
2015-05,2015-06,213.54,140.45
2015-05,2015-07,177.86,137.0
2015-05,2015-08,184.87,143.32
2015-05,2015-09,180.76,148.28
2015-05,2015-10, 172.50   , 147.91   
2015-05,2015-11,172.09,149.5
2015-05,2015-12,177.06,152.0
2015-05,2016-01,197.68,172.0
2015-05,2016-02,208.35,186.32
2015-05,2016-03,202.94,175.55
2015-05,2016-04,185.22,169.93
2015-05,2016-05,156.46,148.56
2015-05,2016-06,156.46,148.56
2015-05,2016-07,156.46,151.0
2015-05,2016-08,162.09,152.05
2015-05,2016-09,162.09,152.05
2015-05,2016-10,162.09,152.05
2015-06,2015-06,217.33,189.04
2015-06,2015-07,187.47,171.83
2015-06,2015-08,200.0,187.0
2015-06,2015-09,200.0,172.5
2015-06,2015-10, 191.50   , 170.00   
2015-06,2015-11,198.0,168.35
2015-06,2015-12,207.0,170.0
2015-06,2016-01,192.1,180.24
2015-06,2016-02,206.02,197.3
2015-06,2016-03,203.49,178.88
2015-06,2016-04,175.0,170.0
2015-06,2016-05,169.29,160.0
2015-06,2016-06,155.5,151.0
2015-06,2016-07,155.5,151.0
2015-06,2016-08,155.5,151.0
2015-06,2016-09,170.0,166.02
2015-06,2016-10,170.0,166.02
2015-06,2016-11,170.0,166.7
2015-07,2015-07,219.1,192.5
2015-07,2015-08,193.69,183.95
2015-07,2015-09,195.4,185.0
2015-07,2015-10, 191.50   , 176.85   
2015-07,2015-11,198.0,184.95
2015-07,2015-12,207.0,188.14
2015-07,2016-01,201.12,182.08
2015-07,2016-02,206.9,193.07
2015-07,2016-03,203.9,179.0
2015-07,2016-04,186.75,171.85
2015-07,2016-05,170.0,159.04
2015-07,2016-06,167.0,151.78
2015-07,2016-07,165.1,150.5
2015-07,2016-08,165.1,150.5
2015-07,2016-09,165.1,150.5
2015-07,2016-10,177.1,151.5
2015-07,2016-11,177.1,151.5
2015-07,2016-12,177.1,151.5
2015-08,2015-08,192.3,180.0
2015-08,2015-09,195.7,181.12
2015-08,2015-10, 186.70   , 175.92   
2015-08,2015-11,186.0,170.3
2015-08,2015-12,199.0,184.4
2015-08,2016-01,198.71,180.25
2015-08,2016-02,214.64,185.33
2015-08,2016-03,203.84,180.0
2015-08,2016-04,183.22,173.03
2015-08,2016-05,170.0,154.84
2015-08,2016-06,164.25,150.41
2015-08,2016-07,159.75,148.41
2015-08,2016-08,154.4,151.0
2015-08,2016-09,154.4,151.0
2015-08,2016-10,154.4,150.34
2015-08,2016-11,160.11,150.0
2015-08,2016-12,160.11,150.0
2015-08,2017-01,160.11,150.0
2015-09,2015-09,385.87,188.68
2015-09,2015-10, 295.37   , 191.10   
2015-09,2015-11,266.99,183.52
2015-09,2015-12,267.26,199.5
2015-09,2016-01,230.2,201.6
2015-09,2016-02,252.54,220.0
2015-09,2016-03,249.2,211.5
2015-09,2016-04,200.0,179.1
2015-09,2016-05,177.83,170.0
2015-09,2016-06,170.0,157.4
2015-09,2016-07,164.95,154.1
2015-09,2016-08,173.67,162.11
2015-09,2016-09,170.78,162.33
2015-09,2016-10,170.78,162.33
2015-09,2016-11,170.78,162.33
2015-09,2016-12,184.84,165.0
2015-09,2017-01,184.84,165.59
2015-09,2017-02,199.0,177.0
2015-10,2015-10, 911.51   , 1.005.60   
2015-10,2015-11,647.36,256.23
2015-10,2015-12,643.08,261.3
2015-10,2016-01,566.12,207.9
2015-10,2016-02,507.7,217.8
2015-10,2016-03,508.79,230.0
2015-10,2016-04,450.0,209.07
2015-10,2016-05,243.26,180.0
2015-10,2016-06,216.65,165.73
2015-10,2016-07,202.15,162.3
2015-10,2016-08,193.64,156.81
2015-10,2016-09,200.97,153.64
2015-10,2016-10,214.62,165.28
2015-10,2016-11,214.62,165.28
2015-10,2016-12,214.62,165.28
2015-10,2017-01,236.81,190.16
2015-10,2017-02,236.81,190.16
2015-10,2017-03,236.81,190.16
2015-11,2015-11,810.0,783.31
2015-11,2015-12,810.0,755.45
2015-11,2016-01,810.0,685.01
2015-11,2016-02,810.0,614.32
2015-11,2016-03,741.6,590.2
2015-11,2016-04,572.19,435.24
2015-11,2016-05,268.61,230.8
2015-11,2016-06,246.55,215.2
2015-11,2016-07,213.0,183.15
2015-11,2016-08,238.56,172.0
2015-11,2016-09,238.56,180.43
2015-11,2016-10,203.35,177.77
2015-11,2016-11,220.0,197.83
2015-11,2016-12,220.0,197.83
2015-11,2017-01,220.0,197.83
2015-11,2017-02,220.0,202.12
2015-11,2017-03,220.0,202.12
2015-11,2017-04,220.0,202.12
2015-12,2015-12,803.5,677.95
2015-12,2016-01,800.0,677.11
2015-12,2016-02,800.0,558.0
2015-12,2016-03,776.0,613.04
2015-12,2016-04,576.16,479.76
2015-12,2016-05,269.79,238.55
2015-12,2016-06,229.37,212.26
2015-12,2016-07,201.3,188.73
2015-12,2016-08,199.88,165.93
2015-12,2016-09,202.47,186.54
2015-12,2016-10,202.75,177.77
2015-12,2016-11,215.38,180.22
2015-12,2016-12,220.0,200.0
2015-12,2017-01,220.0,200.0
2015-12,2017-02,220.0,200.0
2015-12,2017-03,212.44,197.13
2015-12,2017-04,212.44,197.13
2015-12,2017-05,220.0,197.13
2016-01,2016-01,320.58,320.58
2016-01,2016-02,320.58,320.58
2016-01,2016-03,320.58,320.58
2016-01,2016-04,320.58,320.58
2016-01,2016-05,305.52,256.0
2016-01,2016-06,232.61,221.16
2016-01,2016-07,217.55,197.28
2016-01,2016-08,200.1,188.26
2016-01,2016-09,209.53,197.75
2016-01,2016-10,213.0,193.58
2016-01,2016-11,203.04,190.65
2016-01,2016-12,202.8,193.23
2016-01,2017-01,231.88,214.8
2016-01,2017-02,231.88,214.8
2016-01,2017-03,241.28,214.8
2016-01,2017-04,200.0,183.99
2016-01,2017-05,200.0,183.99
2016-01,2017-06,200.0,183.99
2016-02,2016-02,320.58,314.29
2016-02,2016-03,320.58,317.37
2016-02,2016-04,320.58,312.79
2016-02,2016-05,320.58,302.4
2016-02,2016-06,273.23,224.62
2016-02,2016-07,225.61,206.82
2016-02,2016-08,218.25,195.91
2016-02,2016-09,215.95,206.13
2016-02,2016-10,220.15,193.07
2016-02,2016-11,205.11,199.0
2016-02,2016-12,210.34,198.96
2016-02,2017-01,215.34,192.74
2016-02,2017-02,215.0,197.64
2016-02,2017-03,215.0,197.64
2016-02,2017-04,215.0,197.64
2016-02,2017-05,194.45,172.36
2016-02,2017-06,194.45,172.36
2016-02,2017-07,194.45,172.36
2016-03,2016-03,320.58,320.58
2016-03,2016-04,320.58,320.29
2016-03,2016-05,320.58,311.11
2016-03,2016-06,274.72,262.88
2016-03,2016-07,231.4,219.72
2016-03,2016-08,221.6,213.82
2016-03,2016-09,223.52,209.38
2016-03,2016-10,219.97,207.0
2016-03,2016-11,226.05,194.49
2016-03,2016-12,215.55,198.74
2016-03,2017-01,216.8,204.14
2016-03,2017-02,225.0,205.14
2016-03,2017-03,213.09,196.35
2016-03,2017-04,213.09,196.35
2016-03,2017-05,213.09,174.61
2016-03,2017-06,196.26,167.76
2016-03,2017-07,196.26,167.76
2016-03,2017-08,196.26,167.76
2016-04,2016-04,320.58,302.43
2016-04,2016-05,315.29,242.0
2016-04,2016-06,288.94,215.74
2016-04,2016-07,244.04,211.0
2016-04,2016-08,229.3,193.62
2016-04,2016-09,229.9,192.65
2016-04,2016-10,218.8,190.76
2016-04,2016-11,226.5,180.0
2016-04,2016-12,218.45,181.0
2016-04,2017-01,222.0,182.4
2016-04,2017-02,224.75,199.0
2016-04,2017-03,236.45,196.56
2016-04,2017-04,197.11,176.88
2016-04,2017-05,197.11,176.88
2016-04,2017-06,197.11,176.88
2016-04,2017-07,204.05,175.27
2016-04,2017-08,204.05,175.27
2016-04,2017-09,204.05,175.27
2016-05,2016-05,204.0,135.0
2016-05,2016-06,202.0,147.47
2016-05,2016-07,186.2,150.0
2016-05,2016-08,197.02,156.17
2016-05,2016-09,198.0,167.62
2016-05,2016-10,197.73,160.63
2016-05,2016-11,199.93,154.17
2016-05,2016-12,212.1,169.76
2016-05,2017-01,203.15,180.0
2016-05,2017-02,206.74,180.0
2016-05,2017-03,204.0,183.32
2016-05,2017-04,191.26,177.5
2016-05,2017-05,183.15,160.93
2016-05,2017-06,183.15,160.93
2016-05,2017-07,183.15,160.93
2016-05,2017-08,184.97,166.79
2016-05,2017-09,184.97,166.79
2016-05,2017-10,184.97,166.79
2016-06,2016-06,177.5,139.33
2016-06,2016-07,184.2,150.0
2016-06,2016-08,176.41,160.51
2016-06,2016-09,177.32,166.0
2016-06,2016-10,171.0,164.32
2016-06,2016-11,186.16,161.34
2016-06,2016-12,191.98,168.74
2016-06,2017-01,196.28,179.73
2016-06,2017-02,202.08,179.9
2016-06,2017-03,203.31,181.66
2016-06,2017-04,191.26,179.08
2016-06,2017-05,184.75,161.21
2016-06,2017-06,183.15,170.0
2016-06,2017-07,183.15,170.0
2016-06,2017-08,180.0,170.0
2016-06,2017-09,176.06,164.73
2016-06,2017-10,176.06,164.73
2016-06,2017-11,175.43,164.73
2016-07,2016-07,176.77,119.79
2016-07,2016-08,178.56,150.41
2016-07,2016-09,181.39,160.8
2016-07,2016-10,173.91,168.65
2016-07,2016-11,178.24,168.95
2016-07,2016-12,195.6,180.18
2016-07,2017-01,193.25,181.08
2016-07,2017-02,200.52,182.75
2016-07,2017-03,194.92,181.51
2016-07,2017-04,189.58,180.0
2016-07,2017-05,187.49,170.28
2016-07,2017-06,178.0,165.0
2016-07,2017-07,183.15,170.0
2016-07,2017-08,183.15,170.0
2016-07,2017-09,183.15,170.0
2016-07,2017-10,188.81,180.61
2016-07,2017-11,188.81,180.61
2016-07,2017-12,188.81,177.24
2016-08,2016-08,194.81,150.23
2016-08,2016-09,184.9,160.0
2016-08,2016-10,184.16,165.25
2016-08,2016-11,184.29,170.0
2016-08,2016-12,187.04,170.0
2016-08,2017-01,188.04,180.22
2016-08,2017-02,193.63,180.0
2016-08,2017-03,190.63,180.0
2016-08,2017-04,181.15,178.36
2016-08,2017-05,181.54,162.0
2016-08,2017-06,175.0,156.0
2016-08,2017-07,176.47,160.0
2016-08,2017-08,183.15,180.0
2016-08,2017-09,183.15,180.0
2016-08,2017-10,183.15,180.0
2016-08,2017-11,186.57,178.4
2016-08,2017-12,186.57,178.4
2016-08,2018-01,186.57, 178.40   
2016-09,2016-09,193.05,147.85
2016-09,2016-10,191.27,164.2
2016-09,2016-11,186.9,164.51
2016-09,2016-12,190.53,170.0
2016-09,2017-01,192.75,180.0
2016-09,2017-02,211.55,185.01
2016-09,2017-03,201.28,181.66
2016-09,2017-04,191.26,180.73
2016-09,2017-05,190.0,174.0
2016-09,2017-06,190.0,170.0
2016-09,2017-07,190.0,172.98
2016-09,2017-08,190.0,165.0
2016-09,2017-09,190.0,180.0
2016-09,2017-10,190.0,180.0
2016-09,2017-11,190.0,180.0
2016-09,2017-12,200.0,180.07
2016-09,2018-01, 200.00   , 180.07   
2016-09,2018-02,218.95,188.0
2016-10,2016-10,176.5,157.9
2016-10,2016-11,174.78,164.58
2016-10,2016-12,183.48,170.0
2016-10,2017-01,213.0,188.0
2016-10,2017-02,213.0,188.0
2016-10,2017-03,213.0,188.0
2016-10,2017-04,202.24,188.0
2016-10,2017-05,191.6,188.0
2016-10,2017-06,189.59,188.0
2016-10,2017-07,188.0,178.92
2016-10,2017-08,188.0,181.1
2016-10,2017-09,188.0,181.94
2016-10,2017-10,193.66,188.0
2016-10,2017-11,193.66,188.0
2016-10,2017-12,193.66,188.0
2016-10,2018-01, 222.40   , 191.00   
2016-10,2018-02,222.4,191.0
2016-10,2018-03,222.4,191.0
2016-11,2016-11,175.0,164.0
2016-11,2016-12,185.38,180.0
2016-11,2017-01,203.5,193.65
2016-11,2017-02,212.95,201.39
2016-11,2017-03,205.17,194.03
2016-11,2017-04,202.24,191.26
2016-11,2017-05,191.6,183.0
2016-11,2017-06,189.59,179.6
2016-11,2017-07,178.92,170.0
2016-11,2017-08,181.1,170.0
2016-11,2017-09,181.94,171.13
2016-11,2017-10,193.66,183.15
2016-11,2017-11,193.66,183.15
2016-11,2017-12,193.66,183.15
2016-11,2018-01, 222.40   , 190.00   
2016-11,2018-02,222.4,221.0
2016-11,2018-03,222.4,221.0
2016-11,2018-04,234.6,221.0
2016-12,2016-12,173.63,124.63
2016-12,2017-01,194.65,161.5
2016-12,2017-02,202.65,185.44
2016-12,2017-03,195.51,186.25
2016-12,2017-04,196.0,185.63
2016-12,2017-05,190.26,180.26
2016-12,2017-06,188.0,170.0
2016-12,2017-07,179.24,165.49
2016-12,2017-08,179.82,169.74
2016-12,2017-09,183.78,170.0
2016-12,2017-10,189.67,170.0
2016-12,2017-11,195.06,170.0
2016-12,2017-12,205.94,185.88
2016-12,2018-01, 201.50   , 186.19   
2016-12,2018-02,201.5,186.19
2016-12,2018-03,221.0,193.46
2016-12,2018-04,221.0,193.46
2016-12,2018-05,221.0,193.46
2017-01,2017-01,146.18,102.03
2017-01,2017-02,198.12,155.0
2017-01,2017-03,203.06,164.0
2017-01,2017-04,195.75,170.0
2017-01,2017-05,193.38,172.55
2017-01,2017-06,190.05,168.5
2017-01,2017-07,180.98,170.37
2017-01,2017-08,180.5,170.0
2017-01,2017-09,183.35,174.45
2017-01,2017-10,187.69,173.1
2017-01,2017-11,195.05,175.32
2017-01,2017-12,210.99,194.38
2017-01,2018-01,190.8917394, 181.00   
2017-01,2018-02,205.55,181.0
2017-01,2018-03,202.5,181.0
2017-01,2018-04,209.5,179.1
2017-01,2018-05,209.5,179.1
2017-01,2018-06,209.5,179.1
2017-02,2017-02,157.98,139.18
2017-02,2017-03,173.16,163.32
2017-02,2017-04,179.1,159.15
2017-02,2017-05,178.8,162.66
2017-02,2017-06,170.0,158.3
2017-02,2017-07,177.3,167.11
2017-02,2017-08,172.19,168.9
2017-02,2017-09,182.57,176.44
2017-02,2017-10,178.45,170.0
2017-02,2017-11,181.02,172.23
2017-02,2017-12,198.44,194.6
2017-02,2018-01, 212.00   , 194.52   
2017-02,2018-02,201.0,181.0
2017-02,2018-03,201.0,181.0
2017-02,2018-04,199.54,181.0
2017-02,2018-05,200.5,160.0
2017-02,2018-06,200.5,160.0
2017-02,2018-07,200.5,160.0
2017-03,2017-03,178.22,114.59
2017-03,2017-04,174.7,162.7
2017-03,2017-05,180.0,165.43
2017-03,2017-06,177.5,170.27
2017-03,2017-07,191.0,173.1
2017-03,2017-08,188.0,169.53
2017-03,2017-09,195.0,179.55
2017-03,2017-10,190.0,177.76
2017-03,2017-11,189.36,179.21
2017-03,2017-12,200.04,195.88
2017-03,2018-01, 212.50   , 199.89   
2017-03,2018-02,207.5,182.58
2017-03,2018-03,194.02,182.0
2017-03,2018-04,194.02,182.0
2017-03,2018-05,194.02,168.88
2017-03,2018-06,174.96,165.63
2017-03,2018-07,174.96,165.63
2017-03,2018-08,174.96,162.7
2017-04,2017-04,134.28,92.97
2017-04,2017-05,173.76,164.6
2017-04,2017-06,180.4,172.95
2017-04,2017-07,186.0,178.65
2017-04,2017-08,186.14,177.0
2017-04,2017-09,190.0,185.3
2017-04,2017-10,185.15,182.2
2017-04,2017-11,188.68,186.0
2017-04,2017-12,198.05,195.0
2017-04,2018-01, 205.00   , 190.78   
2017-04,2018-02,205.0,194.29
2017-04,2018-03,199.0,188.27
2017-04,2018-04,196.54,187.95
2017-04,2018-05,196.54,187.95
2017-04,2018-06,196.54,174.35
2017-04,2018-07,183.45,173.32
2017-04,2018-08,183.45,173.32
2017-04,2018-09,183.45,175.22
2017-05,2017-05,143.48,67.05
2017-05,2017-06,175.3,143.0
2017-05,2017-07,180.13,152.0
2017-05,2017-08,180.04,167.24
2017-05,2017-09,187.0,170.26
2017-05,2017-10,183.0,176.65
2017-05,2017-11,192.0,179.1
2017-05,2017-12,196.0,177.21
2017-05,2018-01, 200.69   , 187.23   
2017-05,2018-02,203.61,187.0
2017-05,2018-03,200.79,186.94
2017-05,2018-04,193.34,170.1
2017-05,2018-05,194.27,179.0
2017-05,2018-06,194.27,179.0
2017-05,2018-07,194.27,179.0
2017-05,2018-08,190.3,183.15
2017-05,2018-09,190.3,183.15
2017-05,2018-10,190.0,177.6
2017-06,2017-06,143.0,61.92
2017-06,2017-07,152.0,110.82
2017-06,2017-08,170.0,150.0
2017-06,2017-09,179.0,168.8
2017-06,2017-10,179.0,170.0
2017-06,2017-11,183.0,170.0
2017-06,2017-12,187.0,183.27
2017-06,2018-01, 215.00   , 203.62   
2017-06,2018-02,217.0,202.08
2017-06,2018-03,215.0,201.17
2017-06,2018-04,186.0,182.59
2017-06,2018-05,186.0,169.5
2017-06,2018-06,186.0,186.0
2017-06,2018-07,190.0,188.27
2017-06,2018-08,197.0,187.78
2017-06,2018-09,198.0,187.36
2017-06,2018-10,198.2,187.9
2017-06,2018-11,198.2,187.9
2017-07,2017-07,104.25,66.85
2017-07,2017-08,152.0,129.0
2017-07,2017-09,167.0,138.0
2017-07,2017-10,174.0,157.5
2017-07,2017-11,177.0,157.5
2017-07,2017-12,180.0,166.5
2017-07,2018-01, 200.00   , 193.26   
2017-07,2018-02,214.0,202.13
2017-07,2018-03,210.0,198.61
2017-07,2018-04,186.0,177.4
2017-07,2018-05,186.0,169.61
2017-07,2018-06,186.0,165.3
2017-07,2018-07,190.0,176.89
2017-07,2018-08,193.0,180.08
2017-07,2018-09,195.63,181.04
2017-07,2018-10,196.62,189.9
2017-07,2018-11,197.0,189.9
2017-07,2018-12,197.0,189.9
2017-07,2019-01,202.64,197.17
2017-07,2019-02,202.64,197.17
2017-07,2019-03,202.64,197.17
2017-07,2019-04,200.0,187.63
2017-07,2019-05,200.0,187.63
2017-07,2019-06,200.0,187.63
2017-08,2017-08,120.07,77.03
2017-08,2017-09,138.0,129.5
2017-08,2017-10,158.0,150.0
2017-08,2017-11,158.0,150.0
2017-08,2017-12,167.0,157.0
2017-08,2018-01, 206.50   , 187.50   
2017-08,2018-02,208.94,200.1
2017-08,2018-03,204.09,192.58
2017-08,2018-04,180.84,175.07
2017-08,2018-05,176.25,169.61
2017-08,2018-06,169.59,166.63
2017-08,2018-07,183.41,169.81
2017-08,2018-08,191.0,180.0
2017-08,2018-09,191.0,180.0
2017-08,2018-10,191.0,180.0
2017-08,2018-11,191.0,180.0
2017-08,2018-12,191.0,180.0
2017-08,2019-01,204.78,181.49
2017-08,2019-02,209.65,194.5
2017-08,2019-03,209.65,194.5
2017-08,2019-04,200.44,194.5
2017-08,2019-05,200.44,194.5
2017-08,2019-06,200.44,194.5
2017-08,2019-07,200.44,194.5
2017-09,2017-09,140.0,121.92
2017-09,2017-10,153.0,139.0
2017-09,2017-11,153.0,137.0
2017-09,2017-12,162.0,147.95
2017-09,2018-01,197.83, 193.96   
2017-09,2018-02,215.0,195.0
2017-09,2018-03,211.17,194.03
2017-09,2018-04,186.0,179.15
2017-09,2018-05,185.0,173.33
2017-09,2018-06,182.3,168.12
2017-09,2018-07,180.0,163.0
2017-09,2018-08,188.85,180.85
2017-09,2018-09,188.0,183.14
2017-09,2018-10,188.0,183.14
2017-09,2018-11,188.0,183.14
2017-09,2018-12,195.0,187.63
2017-09,2019-01,215.0,199.0
2017-09,2019-02,215.0,199.0
2017-09,2019-03,215.0,198.63
2017-09,2019-04,202.95,196.7
2017-09,2019-05,201.07,196.7
2017-09,2019-06,201.07,196.7
2017-09,2019-07,201.07,196.7
2017-09,2019-08,203.23,197.29
2017-10,2017-10,137.5,119.52
2017-10,2017-11,147.5,133.0
2017-10,2017-12,148.0,141.5
2017-10,2018-01,194.00, 184.06   
2017-10,2018-02,194.95,184.06
2017-10,2018-03,198.93,184.06
2017-10,2018-04,181.0,177.39
2017-10,2018-05,169.89,163.0
2017-10,2018-06,165.9,152.0
2017-10,2018-07,160.0,155.0
2017-10,2018-08,187.43,177.0
2017-10,2018-09,191.0,177.0
2017-10,2018-10,191.0,177.0
2017-10,2018-11,191.0,177.0
2017-10,2018-12,195.0,177.0
2017-10,2019-01,204.95,199.0
2017-10,2019-02,204.95,199.0
2017-10,2019-03,204.95,199.0
2017-10,2019-04,200.55,193.0
2017-10,2019-05,197.39,193.0
2017-10,2019-06,197.39,193.0
2017-10,2019-07,197.39,193.0
2017-10,2019-08,197.39,193.0
2017-10,2019-09,197.39,192.5
2017-11,2017-11,149.0,124.45
2017-11,2017-12,147.5,139.5
2017-11,2018-01,184.06, 178.00   
2017-11,2018-02,185.4,178.0
2017-11,2018-03,185.4,178.0
2017-11,2018-04,181.0,181.0
2017-11,2018-05,163.0,157.45
2017-11,2018-06,152.0,150.0
2017-11,2018-07,155.0,152.69
2017-11,2018-08,186.0,180.0
2017-11,2018-09,185.5,181.39
2017-11,2018-10,185.5,181.39
2017-11,2018-11,185.5,181.39
2017-11,2018-12,185.5,181.39
2017-11,2019-01,212.99,199.86
2017-11,2019-02,213.62,199.86
2017-11,2019-03,214.68,199.86
2017-11,2019-04,192.0,185.0
2017-11,2019-05,192.0,185.0
2017-11,2019-06,192.0,185.0
2017-11,2019-07,192.0,185.0
2017-11,2019-08,192.0,185.0
2017-11,2019-09,192.0,185.0
2017-11,2019-10,192.0,185.0
2017-12,2017-12,137.0,96.89
2017-12,2018-01, 175.00   , 156.80   
2017-12,2018-02,175.0,161.0
2017-12,2018-03,175.0,161.0
2017-12,2018-04,181.0,180.0
2017-12,2018-05,157.45,155.25
2017-12,2018-06,150.0,148.0
2017-12,2018-07,153.0,151.0
2017-12,2018-08,182.08,172.0
2017-12,2018-09,182.08,172.0
2017-12,2018-10,182.08,172.0
2017-12,2018-11,182.08,172.0
2017-12,2018-12,182.08,174.0
2017-12,2019-01,199.86,199.0
2017-12,2019-02,199.86,199.0
2017-12,2019-03,199.86,199.0
2017-12,2019-04,186.0,185.0
2017-12,2019-05,186.0,185.0
2017-12,2019-06,186.0,185.0
2017-12,2019-07,186.0,185.0
2017-12,2019-08,186.0,185.0
2017-12,2019-09,186.0,185.0
2017-12,2019-10,185.0,185.0
2017-12,2019-11,185.0,185.0
2018-01,2018-01, 152.10   , 121.47   
2018-01,2018-02,161.0,156.0
2018-01,2018-03,161.0,156.0
2018-01,2018-04,180.0,169.0
2018-01,2018-05,155.0,148.0
2018-01,2018-06,147.0,142.0
2018-01,2018-07,150.0,142.0
2018-01,2018-08,171.0,154.0
2018-01,2018-09,171.0,152.0
2018-01,2018-10,171.0,140.5
2018-01,2018-11,171.0,140.5
2018-01,2018-12,183.0,176.0
2018-01,2019-01,200.0,200.0
2018-01,2019-02,200.0,200.0
2018-01,2019-03,200.0,200.0
2018-01,2019-04,190.0,188.0
2018-01,2019-05,190.0,188.0
2018-01,2019-06,186.0,186.0
2018-01,2019-07,186.0,186.0
2018-01,2019-08,188.0,186.0
2018-01,2019-09,186.0,186.0
2018-01,2019-10,186.0,185.0
2018-01,2019-11,186.0,185.0
2018-01,2019-12,186.0,185.0
2018-02,2018-02,155.0,131.48
2018-02,2018-03,156.0,147.02
2018-02,2018-04,169.0,150.0
2018-02,2018-05,150.0,150.0
2018-02,2018-06,143.25,143.25
2018-02,2018-07,143.5,138.92
2018-02,2018-08,153.0,144.0
2018-02,2018-09,152.0,144.5
2018-02,2018-10,142.5,142.0
2018-02,2018-11,144.0,143.5
2018-02,2018-12,183.0,180.0
2018-02,2019-01,200.0,199.0
2018-02,2019-02,200.0,199.0
2018-02,2019-03,200.0,199.0
2018-02,2019-04,190.0,190.0
2018-02,2019-05,190.0,190.0
2018-02,2019-06,186.0,186.0
2018-02,2019-07,186.0,186.0
2018-02,2019-08,188.0,188.0
2018-02,2019-09,186.0,186.0
2018-02,2019-10,186.0,186.0
2018-02,2019-11,186.0,186.0
2018-02,2019-12,186.0,186.0
2018-02,2020-01,186.0,183.0
2018-03,2018-03,179.63,147.02
2018-03,2018-04,172.71,150.0
2018-03,2018-05,154.56,150.0
2018-03,2018-06,154.68,144.0
2018-03,2018-07,156.23,144.0
2018-03,2018-08,157.69,144.0
2018-03,2018-09,158.65,151.0
2018-03,2018-10,160.0,142.0
2018-03,2018-11,161.0,143.5
2018-03,2018-12,180.0,180.0
2018-03,2019-01,199.0,199.0
2018-03,2019-02,199.0,199.0
2018-03,2019-03,199.0,199.0
2018-03,2019-04,190.0,190.0
2018-03,2019-05,190.0,190.0
2018-03,2019-06,186.0,186.0
2018-03,2019-07,186.0,186.0
2018-03,2019-08,188.0,188.0
2018-03,2019-09,186.0,186.0
2018-03,2019-10,186.0,186.0
2018-03,2019-11,186.0,186.0
2018-03,2019-12,186.0,186.0
2018-03,2020-01,183.0,183.0
2018-03,2020-02,183.0,183.0
2018-04,2018-04,169.03,115.59
2018-04,2018-05,154.56,131.74
2018-04,2018-06,154.68,147.11
2018-04,2018-07,156.23,149.33
2018-04,2018-08,157.69,153.79
2018-04,2018-09,158.65,154.15
2018-04,2018-10,160.0,160.0
2018-04,2018-11,161.5,161.0
2018-04,2018-12,180.0,177.31
2018-04,2019-01,199.0,195.05
2018-04,2019-02,199.0,195.05
2018-04,2019-03,199.0,195.05
2018-04,2019-04,190.0,183.0
2018-04,2019-05,190.0,183.0
2018-04,2019-06,186.0,181.13
2018-04,2019-07,186.0,179.82
2018-04,2019-08,186.0,179.82
2018-04,2019-09,186.0,179.82
2018-04,2019-10,186.0,179.82
2018-04,2019-11,186.0,179.82
2018-04,2019-12,186.0,179.82
2018-04,2020-01,183.0,183.0
2018-04,2020-02,183.0,183.0
2018-04,2020-03,183.0,183.0
2018-05,2018-01, Subasta de cierre ulimos 5 d√≠as , Acotado a mejor Offer 
2018-05,2018-05,129.1,74.69
2018-05,2018-06,147.11,115.94
2018-05,2018-07,149.33,142.0
2018-05,2018-08,153.79,148.0
2018-05,2018-09,154.15,152.0
2018-05,2018-10,161.5,160.0
2018-05,2018-11,161.5,161.5
2018-05,2018-12,177.31,175.54
2018-05,2019-01,195.05,190.22
2018-05,2019-02,195.05,190.22
2018-05,2019-03,195.05,190.22
2018-05,2019-04,183.0,180.27
2018-05,2019-05,183.0,180.27
2018-05,2019-06,181.13,179.32
2018-05,2019-07,179.82,178.02
2018-05,2019-08,179.82,178.02
2018-05,2019-09,179.82,178.02
2018-05,2019-10,179.82,178.02
2018-05,2019-11,179.82,178.02
2018-05,2019-12,179.82,178.02
2018-05,2020-01,183.0,180.27
2018-05,2020-02,183.0,180.27
2018-05,2020-03,183.0,180.27
2018-05,2020-04,183.0,180.27
2018-06,2018-06,113.62,68.72
2018-06,2018-07,142.0,98.58
2018-06,2018-08,148.0,134.0
2018-06,2018-09,153.0,151.0
2018-06,2018-10,161.5,155.91
2018-06,2018-11,161.5,155.91
2018-06,2018-12,175.54,159.51
2018-06,2019-01,190.22,190.22
2018-06,2019-02,190.22,190.22
2018-06,2019-03,190.22,190.22
2018-06,2019-04,189.82,180.27
2018-06,2019-05,189.82,180.27
2018-06,2019-06,189.82,179.32
2018-06,2019-07,190.12,178.02
2018-06,2019-08,190.12,178.02
2018-06,2019-09,190.12,178.02
2018-06,2019-10,190.12,178.02
2018-06,2019-11,190.12,178.02
2018-06,2019-12,190.12,178.02
2018-06,2020-01,194.23,180.27
2018-06,2020-02,195.19,180.27
2018-06,2020-03,195.19,180.27
2018-06,2020-04,195.19,180.27
2018-06,2020-05,195.19,180.27
2018-07,2018-07,97.59,76.74
2018-07,2018-08,134.0,111.97
2018-07,2018-09,151.0,150.25
2018-07,2018-10,155.13,152.05
2018-07,2018-11,155.13,152.05
2018-07,2018-12,159.51,159.51
2018-07,2019-01,190.22,190.22
2018-07,2019-02,190.22,190.22
2018-07,2019-03,190.22,190.22
2018-07,2019-04,189.82,189.82
2018-07,2019-05,190.0,189.82
2018-07,2019-06,190.0,189.82
2018-07,2019-07,190.12,190.0
2018-07,2019-08,190.12,190.0
2018-07,2019-09,190.12,190.0
2018-07,2019-10,190.12,190.0
2018-07,2019-11,190.12,190.0
2018-07,2019-12,190.12,190.0
2018-07,2020-01,194.23,194.23
2018-07,2020-02,195.19,195.19
2018-07,2020-03,195.19,195.19
2018-07,2020-04,195.19,192.5
2018-07,2020-05,195.19,192.5
2018-07,2020-06,195.19,192.5
2018-08,2018-08,111.97,86.97
2018-08,2018-09,150.25,126.57
2018-08,2018-10,152.05,152.05
2018-08,2018-11,152.05,152.05
2018-08,2018-12,159.51,159.51
2018-08,2019-01,195.0,190.22
2018-08,2019-02,195.0,190.22
2018-08,2019-03,195.0,190.22
2018-08,2019-04,195.0,189.82
2018-08,2019-05,195.0,190.0
2018-08,2019-06,195.0,190.0
2018-08,2019-07,193.8,190.0
2018-08,2019-08,193.8,190.0
2018-08,2019-09,193.8,190.0
2018-08,2019-10,193.8,190.0
2018-08,2019-11,193.8,190.0
2018-08,2019-12,193.8,190.0
2018-08,2020-01,194.23,194.23
2018-08,2020-02,195.19,195.19
2018-08,2020-03,195.19,195.19
2018-08,2020-04,192.5,192.5
2018-08,2020-05,192.5,192.5
2018-08,2020-06,192.5,192.5
2018-08,2020-07,192.5,192.5
2018-09,2018-09,125.94,92.75
2018-09,2018-10,152.05,143.15
2018-09,2018-11,158.0,152.05
2018-09,2018-12,163.6,159.51
2018-09,2019-01,195.0,195.0
2018-09,2019-02,195.0,195.0
2018-09,2019-03,195.0,195.0
2018-09,2019-04,195.0,195.0
2018-09,2019-05,195.0,195.0
2018-09,2019-06,195.0,195.0
2018-09,2019-07,193.8,193.8
2018-09,2019-08,193.8,193.8
2018-09,2019-09,192.83,192.83
2018-09,2019-10,192.83,192.83
2018-09,2019-11,192.83,192.83
2018-09,2019-12,192.83,192.83
2018-09,2020-01,194.23,194.23
2018-09,2020-02,195.19,195.19
2018-09,2020-03,195.19,195.19
2018-09,2020-04,192.5,192.5
2018-09,2020-05,192.5,192.5
2018-09,2020-06,192.5,192.5
2018-09,2020-07,192.5,192.5
2018-09,2020-08,192.5,192.5
2018-10,2018-10,147.96,111.02
2018-10,2018-11,158.0,152.49
2018-10,2018-12,164.5,154.06
2018-10,2019-01,198.0,195.0
2018-10,2019-02,198.0,195.0
2018-10,2019-03,198.0,195.0
2018-10,2019-04,198.0,195.0
2018-10,2019-05,196.5,190.0
2018-10,2019-06,196.5,190.0
2018-10,2019-07,196.5,190.0
2018-10,2019-08,196.5,190.0
2018-10,2019-09,196.5,190.0
2018-10,2019-10,196.5,190.0
2018-10,2019-11,196.5,190.0
2018-10,2019-12,196.5,190.0
2018-10,2020-01,194.23,194.23
2018-10,2020-02,195.19,195.19
2018-10,2020-03,195.19,195.19
2018-10,2020-04,192.5,192.5
2018-10,2020-05,192.5,192.5
2018-10,2020-06,192.5,192.5
2018-10,2020-07,192.5,192.5
2018-10,2020-08,192.5,192.5
2018-10,2020-09,192.5,192.5
2018-11,2018-11,152.42,99.51
2018-11,2018-12,154.06,135.14
2018-11,2019-01,198.0,198.0
2018-11,2019-02,198.0,198.0
2018-11,2019-03,198.0,198.0
2018-11,2019-04,198.0,198.0
2018-11,2019-05,196.5,196.5
2018-11,2019-06,196.5,196.5
2018-11,2019-07,196.5,196.5
2018-11,2019-08,196.5,196.5
2018-11,2019-09,196.5,196.5
2018-11,2019-10,196.5,196.5
2018-11,2019-11,196.5,196.5
2018-11,2019-12,196.5,196.5
2018-11,2020-01,194.23,194.23
2018-11,2020-02,195.19,195.19
2018-11,2020-03,195.19,195.19
2018-11,2020-04,192.5,192.5
2018-11,2020-05,192.5,192.5
2018-11,2020-06,192.5,192.5
2018-11,2020-07,192.5,192.5
2018-11,2020-08,192.5,192.5
2018-11,2020-09,192.5,192.5
2018-11,2020-10,192.5,192.5
2018-12,2018-12,172.77,127.22
2018-12,2019-01,220.0,198.0
2018-12,2019-02,210.0,198.0
2018-12,2019-03,210.0,198.0
2018-12,2019-04,210.0,198.0
2018-12,2019-05,198.0,196.5
2018-12,2019-06,198.0,196.5
2018-12,2019-07,198.0,196.5
2018-12,2019-08,198.0,196.5
2018-12,2019-09,198.0,196.5
2018-12,2019-10,198.0,196.5
2018-12,2019-11,198.0,196.5
2018-12,2019-12,198.0,196.5
2018-12,2020-01,204.46,194.23
2018-12,2020-02,204.46,195.19
2018-12,2020-03,204.46,195.19
2018-12,2020-04,202.89,192.5
2018-12,2020-05,194.0,192.5
2018-12,2020-06,194.0,192.5
2018-12,2020-07,194.0,192.5
2018-12,2020-08,194.0,192.5
2018-12,2020-09,194.0,192.5
2018-12,2020-10,194.0,192.5
2018-12,2020-11,194.0,192.5
2019-01,2019-01,321.57,220.0
2019-01,2019-02,275.89,210.0
2019-01,2019-03,275.89,210.0
2019-01,2019-04,275.89,210.0
2019-01,2019-05,209.84,198.0
2019-01,2019-06,209.84,198.0
2019-01,2019-07,198.0,198.0
2019-01,2019-08,198.0,198.0
2019-01,2019-09,198.0,198.0
2019-01,2019-10,198.0,198.0
2019-01,2019-11,198.0,198.0
2019-01,2019-12,198.0,198.0
2019-01,2020-01,206.09,204.46
2019-01,2020-02,206.09,204.46
2019-01,2020-03,206.09,204.46
2019-01,2020-04,204.5,202.89
2019-01,2020-05,194.0,194.0
2019-01,2020-06,194.0,194.0
2019-01,2020-07,194.0,194.0
2019-01,2020-08,194.0,194.0
2019-01,2020-09,194.0,194.0
2019-01,2020-10,194.0,194.0
2019-01,2020-11,194.0,194.0
2019-01,2020-12,194.0,194.0
2019-02,2019-02,303.27,277.27
2019-02,2019-03,287.51,275.89
2019-02,2019-04,275.89,244.46
2019-02,2019-05,209.84,209.84
2019-02,2019-06,209.84,209.84
2019-02,2019-07,198.0,198.0
2019-02,2019-08,198.0,198.0
2019-02,2019-09,198.0,198.0
2019-02,2019-10,198.0,198.0
2019-02,2019-11,198.0,198.0
2019-02,2019-12,198.0,198.0
2019-02,2020-01,211.63,206.09
2019-02,2020-02,211.63,206.09
2019-02,2020-03,211.63,206.09
2019-02,2020-04,210.0,204.5
2019-02,2020-05,195.0,194.0
2019-02,2020-06,194.0,190.0
2019-02,2020-07,194.0,190.0
2019-02,2020-08,194.0,190.0
2019-02,2020-09,194.0,190.0
2019-02,2020-10,194.0,190.0
2019-02,2020-11,194.0,190.0
2019-02,2020-12,194.0,190.0
2019-02,2021-01,194.0,194.0
2019-03,2019-03,293.3,262.58
2019-03,2019-04,244.46,228.97
2019-03,2019-05,209.84,198.0
2019-03,2019-06,209.84,200.5
2019-03,2019-07,205.0,198.0
2019-03,2019-08,198.0,196.0
2019-03,2019-09,198.0,196.0
2019-03,2019-10,198.0,196.0
2019-03,2019-11,198.0,196.0
2019-03,2019-12,198.0,198.0
2019-03,2020-01,211.63,211.63
2019-03,2020-02,211.63,211.63
2019-03,2020-03,211.63,211.63
2019-03,2020-04,210.0,210.0
2019-03,2020-05,195.0,195.0
2019-03,2020-06,190.0,190.0
2019-03,2020-07,190.0,190.0
2019-03,2020-08,190.0,190.0
2019-03,2020-09,190.0,190.0
2019-03,2020-10,190.0,190.0
2019-03,2020-11,190.0,190.0
2019-03,2020-12,190.0,190.0
2019-03,2021-01,194.0,194.0
2019-03,2021-02,194.0,194.0
2019-04,2019-04,228.97,186.61
2019-04,2019-05,198.0,192.1
2019-04,2019-06,200.5,195.0
2019-04,2019-07,205.0,195.0
2019-04,2019-08,196.0,196.0
2019-04,2019-09,196.0,196.0
2019-04,2019-10,196.0,196.0
2019-04,2019-11,196.0,196.0
2019-04,2019-12,198.0,198.0
2019-04,2020-01,211.63,211.63
2019-04,2020-02,211.63,211.63
2019-04,2020-03,211.63,211.63
2019-04,2020-04,210.0,210.0
2019-04,2020-05,195.0,195.0
2019-04,2020-06,190.0,190.0
2019-04,2020-07,190.0,190.0
2019-04,2020-08,190.0,190.0
2019-04,2020-09,190.0,190.0
2019-04,2020-10,190.0,190.0
2019-04,2020-11,190.0,190.0
2019-04,2020-12,190.0,190.0
2019-04,2021-01,194.0,194.0
2019-04,2021-02,194.0,194.0
2019-04,2021-03,194.0,194.0
2019-05,2019-05,207.92,168.2
2019-05,2019-06,195.0,186.36
2019-05,2019-07,195.0,195.0
2019-05,2019-08,196.0,196.0
2019-05,2019-09,196.0,196.0
2019-05,2019-10,196.0,196.0
2019-05,2019-11,196.0,196.0
2019-05,2019-12,198.0,198.0
2019-05,2020-01,211.63,211.63
2019-05,2020-02,215.88,211.63
2019-05,2020-03,215.89,211.63
2019-05,2020-04,214.0,210.0
2019-05,2020-05,195.0,195.0
2019-05,2020-06,190.0,190.0
2019-05,2020-07,190.0,190.0
2019-05,2020-08,190.0,190.0
2019-05,2020-09,190.0,190.0
2019-05,2020-10,190.0,190.0
2019-05,2020-11,190.0,190.0
2019-05,2020-12,190.0,190.0
2019-05,2021-01,194.0,194.0
2019-05,2021-02,194.0,194.0
2019-05,2021-03,194.0,194.0
2019-05,2021-04,194.0,194.0
2019-06,2019-06,186.36,113.7
2019-06,2019-07,195.0,177.13
2019-06,2019-08,196.0,188.18
2019-06,2019-09,196.0,188.18
2019-06,2019-10,196.0,195.0
2019-06,2019-11,196.0,195.0
2019-06,2019-12,198.0,195.0
2019-06,2020-01,211.63,211.63
2019-06,2020-02,229.16,215.88
2019-06,2020-03,229.17,215.89
2019-06,2020-04,214.0,214.0
2019-06,2020-05,195.0,195.0
2019-06,2020-06,190.0,190.0
2019-06,2020-07,190.0,190.0
2019-06,2020-08,190.0,190.0
2019-06,2020-09,190.0,190.0
2019-06,2020-10,190.0,190.0
2019-06,2020-11,190.0,190.0
2019-06,2020-12,190.0,190.0
2019-06,2021-01,194.0,194.0
2019-06,2021-02,194.0,194.0
2019-06,2021-03,194.0,194.0
2019-06,2021-04,194.0,194.0
2019-06,2021-05,194.0,194.0
2019-07,2019-07,175.36,120.07
2019-07,2019-08,188.18,161.04
2019-07,2019-09,188.18,183.52
2019-07,2019-10,195.0,195.0
2019-07,2019-11,195.0,195.0
2019-07,2019-12,195.0,195.0
2019-07,2020-01,211.63,211.63
2019-07,2020-02,229.16,229.16
2019-07,2020-03,229.17,229.17
2019-07,2020-04,214.0,214.0
2019-07,2020-05,195.0,195.0
2019-07,2020-06,190.0,190.0
2019-07,2020-07,190.0,190.0
2019-07,2020-08,190.0,190.0
2019-07,2020-09,190.0,190.0
2019-07,2020-10,190.0,190.0
2019-07,2020-11,190.0,190.0
2019-07,2020-12,190.0,190.0
2019-07,2021-01,194.0,194.0
2019-07,2021-02,194.0,194.0
2019-07,2021-03,194.0,194.0
2019-07,2021-04,194.0,194.0
2019-07,2021-05,194.0,194.0
2019-07,2021-06,194.0,194.0
2019-08,2019-08,157.82,138.92
2019-08,2019-09,181.69,169.35
2019-08,2019-10,193.05,186.39
2019-08,2019-11,193.05,186.39
2019-08,2019-12,193.05,186.39
2019-08,2020-01,230.0,211.63
2019-08,2020-02,230.0,229.16
2019-08,2020-03,230.0,229.17
2019-08,2020-04,214.0,214.0
2019-08,2020-05,195.0,195.0
2019-08,2020-06,190.0,190.0
2019-08,2020-07,190.0,190.0
2019-08,2020-08,190.0,190.0
2019-08,2020-09,190.0,190.0
2019-08,2020-10,190.0,190.0
2019-08,2020-11,190.0,190.0
2019-08,2020-12,190.0,190.0
2019-08,2021-01,200.0,194.0
2019-08,2021-02,200.0,194.0
2019-08,2021-03,200.0,194.0
2019-08,2021-04,200.0,194.0
2019-08,2021-05,200.0,194.0
2019-08,2021-06,200.0,194.0
2019-08,2021-07,200.0,194.0
2019-09,2019-09,279.36,171.04
2019-09,2019-10,213.31,186.39
2019-09,2019-11,204.02,186.39
2019-09,2019-12,204.02,186.39
2019-09,2020-01,230.0,230.0
2019-09,2020-02,230.0,230.0
2019-09,2020-03,230.0,230.0
2019-09,2020-04,214.0,214.0
2019-09,2020-05,195.0,195.0
2019-09,2020-06,190.0,190.0
2019-09,2020-07,190.0,190.0
2019-09,2020-08,190.0,190.0
2019-09,2020-09,190.0,190.0
2019-09,2020-10,193.0,190.0
2019-09,2020-11,193.0,190.0
2019-09,2020-12,193.0,190.0
2019-09,2021-01,200.0,200.0
2019-09,2021-02,200.0,200.0
2019-09,2021-03,200.0,200.0
2019-09,2021-04,200.0,200.0
2019-09,2021-05,200.0,200.0
2019-09,2021-06,200.0,200.0
2019-09,2021-07,200.0,200.0
2019-09,2021-08,200.0,200.0
2019-10,2019-10,381.56,218.64
2019-10,2019-11,274.22,204.02
2019-10,2019-12,265.03,204.02
2019-10,2020-01,231.15,230.0
2019-10,2020-02,231.15,230.0
2019-10,2020-03,231.15,230.0
2019-10,2020-04,215.07,214.0
2019-10,2020-05,195.98,195.0
2019-10,2020-06,190.95,190.0
2019-10,2020-07,190.95,190.0
2019-10,2020-08,190.95,190.0
2019-10,2020-09,190.95,190.0
2019-10,2020-10,193.97,193.0
2019-10,2020-11,193.97,193.0
2019-10,2020-12,193.97,193.0
2019-10,2021-01,200.0,200.0
2019-10,2021-02,200.0,200.0
2019-10,2021-03,200.0,200.0
2019-10,2021-04,200.0,200.0
2019-10,2021-05,200.0,200.0
2019-10,2021-06,200.0,200.0
2019-10,2021-07,200.0,200.0
2019-10,2021-08,200.0,200.0
2019-10,2021-09,200.0,200.0
2019-11,2019-11,244.11,225.3
2019-11,2019-12,260.0,242.55
2019-11,2020-01,232.8,231.15
2019-11,2020-02,232.8,231.15
2019-11,2020-03,232.8,231.15
2019-11,2020-04,215.07,205.0
2019-11,2020-05,195.98,186.5
2019-11,2020-06,195.0,186.5
2019-11,2020-07,195.0,186.5
2019-11,2020-08,195.0,188.0
2019-11,2020-09,198.0,188.0
2019-11,2020-10,198.0,189.0
2019-11,2020-11,198.0,189.0
2019-11,2020-12,198.0,193.97
2019-11,2021-01,200.0,200.0
2019-11,2021-02,200.0,200.0
2019-11,2021-03,200.0,200.0
2019-11,2021-04,200.0,200.0
2019-11,2021-05,200.0,187.5
2019-11,2021-06,200.0,187.5
2019-11,2021-07,200.0,187.5
2019-11,2021-08,200.0,187.5
2019-11,2021-09,200.0,187.5
2019-11,2021-10,200.0,200.0
2019-12,2019-12,313.3,260.0
2019-12,2020-01,274.5,232.8
2019-12,2020-02,270.5,232.8
2019-12,2020-03,270.5,232.8
2019-12,2020-04,205.0,205.0
2019-12,2020-05,195.0,195.0
2019-12,2020-06,195.0,195.0
2019-12,2020-07,195.0,195.0
2019-12,2020-08,195.0,195.0
2019-12,2020-09,198.0,198.0
2019-12,2020-10,198.0,198.0
2019-12,2020-11,198.0,198.0
2019-12,2020-12,198.0,198.0
2019-12,2021-01,225.75,200.0
2019-12,2021-02,225.75,200.0
2019-12,2021-03,225.75,200.0
2019-12,2021-04,200.0,200.0
2019-12,2021-05,192.0,192.0
2019-12,2021-06,192.0,192.0
2019-12,2021-07,192.0,192.0
2019-12,2021-08,192.0,192.0
2019-12,2021-09,192.0,192.0
2019-12,2021-10,200.0,200.0
2019-12,2021-11,200.0,200.0
2020-01,2020-01,317.5,266.7
2020-01,2020-02,271.85,264.3
2020-01,2020-03,271.85,264.3
2020-01,2020-04,206.0,204.0
2020-01,2020-05,202.8,195.0
2020-01,2020-06,202.8,195.0
2020-01,2020-07,200.0,195.0
2020-01,2020-08,200.0,195.0
2020-01,2020-09,200.0,198.0
2020-01,2020-10,200.0,198.0
2020-01,2020-11,200.0,198.0
2020-01,2020-12,200.0,198.0
2020-01,2021-01,229.2,226.9
2020-01,2021-02,229.2,226.9
2020-01,2021-03,229.2,226.9
2020-01,2021-04,207.1,200.0
2020-01,2021-05,207.1,192.0
2020-01,2021-06,207.1,192.0
2020-01,2021-07,200.45,192.0
2020-01,2021-08,200.45,192.0
2020-01,2021-09,200.45,192.0
2020-01,2021-10,200.45,200.0
2020-01,2021-11,200.45,200.0
2020-01,2021-12,200.45,200.0
2020-02,2020-02,440.2,273.8
2020-02,2020-03,311.65,268.55
2020-02,2020-04,220.7,206.0
2020-02,2020-05,210.2,203.8
2020-02,2020-06,206.45,201.0
2020-02,2020-07,206.45,200.0
2020-02,2020-08,205.0,200.0
2020-02,2020-09,205.0,200.0
2020-02,2020-10,206.05,200.0
2020-02,2020-11,207.1,200.0
2020-02,2020-12,212.95,200.0
2020-02,2021-01,229.2,227.7
2020-02,2021-02,228.05,219.3
2020-02,2021-03,228.05,219.3
2020-02,2021-04,223.1,208.1
2020-02,2021-05,223.1,208.1
2020-02,2021-06,223.1,208.1
2020-02,2021-07,223.1,200.45
2020-02,2021-08,223.9,200.45
2020-02,2021-09,223.9,200.45
2020-02,2021-10,223.9,200.45
2020-02,2021-11,223.9,200.45
2020-02,2021-12,223.9,200.45
2020-02,2022-01,223.9,200.45
2020-03,2020-03,347.2,313.2
2020-03,2020-04,250.0,221.8
2020-03,2020-05,215.0,210.2
2020-03,2020-06,206.45,206.45
2020-03,2020-07,206.45,206.45
2020-03,2020-08,206.05,205.0
2020-03,2020-09,206.05,205.0
2020-03,2020-10,206.05,206.05
2020-03,2020-11,210.0,207.1
2020-03,2020-12,221.0,212.95
2020-03,2021-01,228.85,228.84
2020-03,2021-02,225.0,222.05
2020-03,2021-03,222.7,220.95
2020-03,2021-04,222.7,220.95
2020-03,2021-05,222.7,220.95
2020-03,2021-06,222.7,220.95
2020-03,2021-07,222.7,220.95
2020-03,2021-08,222.7,220.95
2020-03,2021-09,227.0,223.9
2020-03,2021-10,227.0,223.9
2020-03,2021-11,227.0,223.9
2020-03,2021-12,227.0,223.9
2020-03,2022-01,227.0,223.9
2020-03,2022-02,227.0,223.9
2020-04,2020-04,250.0,227.0
2020-04,2020-05,215.0,211.0
2020-04,2020-06,208.5,206.0
2020-04,2020-07,209.0,206.0
2020-04,2020-08,209.0,207.0
2020-04,2020-09,209.5,207.0
2020-04,2020-10,212.2,206.05
2020-04,2020-11,212.0,210.45
2020-04,2020-12,221.0,220.0
2020-04,2021-01,228.85,228.85
2020-04,2021-02,225.8,225.0
2020-04,2021-03,223.0,223.0
2020-04,2021-04,223.5,222.7
2020-04,2021-05,223.5,222.7
2020-04,2021-06,223.5,222.7
2020-04,2021-07,223.5,222.7
2020-04,2021-08,223.5,222.7
2020-04,2021-09,225.85,223.0
2020-04,2021-10,229.5,227.0
2020-04,2021-11,229.5,227.0
2020-04,2021-12,229.5,227.0
2020-04,2022-01,229.5,227.0
2020-04,2022-02,229.5,227.0
2020-04,2022-03,229.5,227.0
2020-05,2020-05,361.2,218.23
2020-05,2020-06,290.13,209.54
2020-05,2020-07,255.97,210.05
2020-05,2020-08,230.95,209.31
2020-05,2020-09,228.16,209.5
2020-05,2020-10,232.45,212.2
2020-05,2020-11,231.6,211.7
2020-05,2020-12,235.51,220.2
2020-05,2021-01,233.92,228.85
2020-05,2021-02,233.91,225.8
2020-05,2021-03,230.69,223.0
2020-05,2021-04,229.83,223.5
2020-05,2021-05,227.45,223.95
2020-05,2021-06,227.45,223.95
2020-05,2021-07,227.45,223.95
2020-05,2021-08,227.45,223.95
2020-05,2021-09,227.45,223.95
2020-05,2021-10,228.7,225.65
2020-05,2021-11,230.31,229.5
2020-05,2021-12,230.31,229.5
2020-05,2022-01,230.31,229.5
2020-05,2022-02,230.31,229.5
2020-05,2022-03,230.31,229.5
2020-05,2022-04,230.31,229.5
2020-06,2020-06,357.37,295.0
2020-06,2020-07,300.0,261.09
2020-06,2020-08,263.0,233.26
2020-06,2020-09,259.61,230.44
2020-06,2020-10,268.27,234.77
2020-06,2020-11,261.24,233.91
2020-06,2020-12,265.11,237.87
2020-06,2021-01,259.91,236.26
2020-06,2021-02,262.42,236.25
2020-06,2021-03,258.81,233.0
2020-06,2021-04,248.14,232.12
2020-06,2021-05,243.3,228.14
2020-06,2021-06,231.0,227.91
2020-06,2021-07,231.0,227.91
2020-06,2021-08,231.0,227.91
2020-06,2021-09,231.0,227.91
2020-06,2021-10,231.0,227.91
2020-06,2021-11,231.0,228.0
2020-06,2021-12,234.35,230.31
2020-06,2022-01,234.35,230.31
2020-06,2022-02,234.35,230.31
2020-06,2022-03,234.35,230.31
2020-06,2022-04,234.35,230.31
2020-06,2022-05,234.35,230.31
2020-07,2020-07,268.36,147.0
2020-07,2020-08,260.0,175.07
2020-07,2020-09,260.0,209.83
2020-07,2020-10,268.27,218.73
2020-07,2020-11,261.24,218.73
2020-07,2020-12,265.11,218.73
2020-07,2021-01,260.0,236.4
2020-07,2021-02,260.0,236.4
2020-07,2021-03,260.0,236.4
2020-07,2021-04,245.66,234.51
2020-07,2021-05,240.87,234.51
2020-07,2021-06,228.69,225.87
2020-07,2021-07,228.69,227.0
2020-07,2021-08,228.69,227.0
2020-07,2021-09,228.69,227.0
2020-07,2021-10,228.69,227.0
2020-07,2021-11,228.69,227.0
2020-07,2021-12,230.84,227.0
2020-07,2022-01,236.0,234.0
2020-07,2022-02,236.0,234.0
2020-07,2022-03,236.0,234.0
2020-07,2022-04,236.0,234.0
2020-07,2022-05,236.0,234.0
2020-07,2022-06,236.0,234.0
2020-08,2020-08,170.69,149.0
2020-08,2020-09,208.01,174.62
2020-08,2020-10,217.64,210.0
2020-08,2020-11,217.64,210.0
2020-08,2020-12,217.64,210.0
2020-08,2021-01,240.0,228.0
2020-08,2021-02,240.0,228.0
2020-08,2021-03,240.0,228.0
2020-08,2021-04,235.0,227.0
2020-08,2021-05,235.0,227.0
2020-08,2021-06,225.18,202.5
2020-08,2021-07,225.18,202.5
2020-08,2021-08,225.18,202.5
2020-08,2021-09,225.18,202.5
2020-08,2021-10,225.18,202.5
2020-08,2021-11,225.18,202.5
2020-08,2021-12,225.18,202.5
2020-08,2022-01,230.49,220.27
2020-08,2022-02,234.0,229.0
2020-08,2022-03,234.0,229.0
2020-08,2022-04,234.0,229.0
2020-08,2022-05,234.0,229.0
2020-08,2022-06,234.0,229.0
2020-08,2022-07,234.0,229.0
2020-09,2020-09,174.62,141.75
2020-09,2020-10,209.0,159.03
2020-09,2020-11,210.0,176.5
2020-09,2020-12,210.0,198.9
2020-09,2021-01,226.86,222.53
2020-09,2021-02,226.86,222.53
2020-09,2021-03,227.0,222.53
2020-09,2021-04,227.0,215.0
2020-09,2021-05,227.0,215.0
2020-09,2021-06,213.0,202.5
2020-09,2021-07,206.0,202.5
2020-09,2021-08,206.0,202.5
2020-09,2021-09,206.0,202.5
2020-09,2021-10,206.0,202.5
2020-09,2021-11,206.0,202.5
2020-09,2021-12,206.0,202.5
2020-09,2022-01,229.0,228.32
2020-09,2022-02,229.0,228.32
2020-09,2022-03,229.0,228.32
2020-09,2022-04,229.0,228.32
2020-09,2022-05,229.0,228.32
2020-09,2022-06,229.0,228.32
2020-09,2022-07,229.0,228.32
2020-09,2022-08,229.0,228.32
2020-10,2020-10,190.0,149.11
2020-10,2020-11,191.9,171.5
2020-10,2020-12,198.9,192.96
2020-10,2021-01,222.53,218.9
2020-10,2021-02,222.53,218.9
2020-10,2021-03,222.53,218.9
2020-10,2021-04,216.5,213.0
2020-10,2021-05,216.5,213.0
2020-10,2021-06,216.5,213.0
2020-10,2021-07,216.5,207.0
2020-10,2021-08,216.5,207.0
2020-10,2021-09,215.0,207.0
2020-10,2021-10,215.0,207.0
2020-10,2021-11,215.0,207.0
2020-10,2021-12,215.0,207.0
2020-10,2022-01,228.66,227.75
2020-10,2022-02,228.66,227.75
2020-10,2022-03,228.66,227.75
2020-10,2022-04,228.66,227.75
2020-10,2022-05,228.66,227.75
2020-10,2022-06,228.66,227.75
2020-10,2022-07,228.66,227.75
2020-10,2022-08,228.66,227.75
2020-10,2022-09,228.66,227.75
2020-11,2020-11,194.0,177.38
2020-11,2020-12,200.0,186.0
2020-11,2021-01,220.0,215.0
2020-11,2021-02,220.0,218.9
2020-11,2021-03,220.0,220.0
2020-11,2021-04,220.0,216.5
2020-11,2021-05,218.76,216.0
2020-11,2021-06,218.76,216.0
2020-11,2021-07,218.76,216.0
2020-11,2021-08,218.76,216.0
2020-11,2021-09,218.76,215.0
2020-11,2021-10,218.76,215.0
2020-11,2021-11,218.76,215.0
2020-11,2021-12,220.0,215.0
2020-11,2022-01,229.0,228.66
2020-11,2022-02,229.0,228.66
2020-11,2022-03,229.0,228.66
2020-11,2022-04,229.0,228.66
2020-11,2022-05,228.66,228.0
2020-11,2022-06,228.66,228.0
2020-11,2022-07,228.66,228.0
2020-11,2022-08,228.66,228.0
2020-11,2022-09,228.66,228.0
2020-11,2022-10,228.66,228.0
2020-11,2022-11,228.32,228.0
2020-11,2022-12,229.0,228.32
2020-11,2023-01,230.0,230.0
2020-11,2023-02,230.0,230.0
2020-11,2023-03,230.0,230.0
2020-11,2023-04,230.0,230.0
2020-11,2023-05,230.0,230.0
2020-11,2023-06,230.0,230.0
2020-11,2023-07,230.0,230.0
2020-11,2023-08,230.0,230.0
2020-11,2023-09,230.0,230.0
2020-11,2023-10,230.0,230.0
2020-11,2023-11,230.0,230.0
2020-11,2023-12,230.0,230.0
2020-11,2024-01,228.0,228.0
2020-11,2024-02,228.0,228.0
2020-11,2024-03,228.0,228.0
2020-11,2024-04,228.0,228.0
2020-11,2024-05,228.0,228.0
2020-11,2024-06,228.0,228.0
2020-11,2024-07,228.0,228.0
2020-11,2024-08,228.0,228.0
2020-11,2024-09,228.0,228.0
2020-11,2024-10,228.0,228.0
2020-11,2024-11,228.0,228.0
2020-11,2024-12,228.0,228.0
2020-11,2025-01,226.0,226.0
2020-11,2025-02,226.0,226.0
2020-11,2025-03,226.0,226.0
2020-11,2025-04,226.0,226.0
2020-11,2025-05,226.0,226.0
2020-11,2025-06,226.0,226.0
2020-11,2025-07,226.0,226.0
2020-11,2025-08,226.0,226.0
2020-11,2025-09,226.0,226.0
2020-11,2025-10,226.0,226.0
2020-11,2025-11,226.0,226.0
2020-11,2025-12,226.0,226.0
2020-11,2026-01,235.0,235.0
2020-11,2026-02,235.0,235.0
2020-11,2026-03,235.0,235.0
2020-11,2026-04,235.0,235.0
2020-11,2026-05,235.0,235.0
2020-11,2026-06,235.0,235.0
2020-11,2026-07,235.0,235.0
2020-11,2026-08,235.0,235.0
2020-11,2026-09,235.0,235.0
2020-11,2026-10,235.0,235.0
2020-12,2020-12,182.28,154.67
2020-12,2021-01,213.93,192.81
2020-12,2021-02,218.9,210.0
2020-12,2021-03,220.0,210.0
2020-12,2021-04,220.0,218.0
2020-12,2021-05,218.21,218.0
2020-12,2021-06,218.21,218.0
2020-12,2021-07,218.21,218.0
2020-12,2021-08,218.21,218.0
2020-12,2021-09,218.22,218.0
2020-12,2021-10,219.0,218.0
2020-12,2021-11,219.0,218.0
2020-12,2021-12,220.0,220.0
2020-12,2022-01,230.0,228.66
2020-12,2022-02,230.0,228.66
2020-12,2022-03,230.0,228.66
2020-12,2022-04,230.0,228.66
2020-12,2022-05,228.0,227.66
2020-12,2022-06,228.0,227.66
2020-12,2022-07,228.0,227.66
2020-12,2022-08,228.0,227.66
2020-12,2022-09,228.0,227.66
2020-12,2022-10,228.0,227.66
2020-12,2022-11,228.0,227.66
2020-12,2022-12,230.0,228.66
2020-12,2023-01,230.5,230.0
2020-12,2023-02,230.5,230.0
2020-12,2023-03,230.5,230.0
2020-12,2023-04,230.5,230.0
2020-12,2023-05,230.5,230.0
2020-12,2023-06,230.5,230.0
2020-12,2023-07,230.5,230.0
2020-12,2023-08,230.5,230.0
2020-12,2023-09,230.5,230.0
2020-12,2023-10,230.5,230.0
2020-12,2023-11,230.5,230.0
2020-12,2023-12,230.5,230.0
2020-12,2024-01,228.0,227.54
2020-12,2024-02,228.0,227.54
2020-12,2024-03,228.0,227.54
2020-12,2024-04,228.0,227.54
2020-12,2024-05,228.0,227.54
2020-12,2024-06,228.0,227.54
2020-12,2024-07,228.0,227.54
2020-12,2024-08,228.0,227.54
2020-12,2024-09,228.0,227.54
2020-12,2024-10,228.0,227.54
2020-12,2024-11,228.0,227.54
2020-12,2024-12,228.0,227.54
2020-12,2025-01,226.0,226.0
2020-12,2025-02,226.0,226.0
2020-12,2025-03,226.0,226.0
2020-12,2025-04,226.0,226.0
2020-12,2025-05,226.0,226.0
2020-12,2025-06,226.0,226.0
2020-12,2025-07,226.0,226.0
2020-12,2025-08,226.0,226.0
2020-12,2025-09,226.0,226.0
2020-12,2025-10,226.0,226.0
2020-12,2025-11,226.0,226.0
2020-12,2025-12,226.0,226.0
2020-12,2026-01,235.0,234.53
2020-12,2026-02,235.0,234.53
2020-12,2026-03,235.0,234.53
2020-12,2026-04,235.0,234.53
2020-12,2026-05,235.0,234.53
2020-12,2026-06,235.0,234.53
2020-12,2026-07,235.0,234.53
2020-12,2026-08,235.0,234.53
2020-12,2026-09,235.0,234.53
2020-12,2026-10,235.0,234.53
2020-12,2026-11,235.0,234.53
2021-01,2021-01,198.0,167.8
2021-01,2021-02,215.0,196.7
2021-01,2021-03,220.0,204.0
2021-01,2021-04,217.5,216.0
2021-01,2021-05,217.5,216.0
2021-01,2021-06,217.5,216.0
2021-01,2021-07,217.5,216.0
2021-01,2021-08,217.5,216.0
2021-01,2021-09,217.5,216.0
2021-01,2021-10,220.0,218.5
2021-01,2021-11,220.0,218.5
2021-01,2021-12,220.0,218.5
2021-01,2022-01,230.0,218.5
2021-01,2022-02,230.0,218.5
2021-01,2022-03,230.0,218.5
2021-01,2022-04,230.0,218.5
2021-01,2022-05,228.0,218.5
2021-01,2022-06,228.0,218.5
2021-01,2022-07,228.0,218.5
2021-01,2022-08,228.0,218.5
2021-01,2022-09,228.0,218.5
2021-01,2022-10,228.0,218.5
2021-01,2022-11,228.0,218.5
2021-01,2022-12,230.0,218.5
2021-01,2023-01,231.35,230.5
2021-01,2023-02,231.35,230.5
2021-01,2023-03,231.35,230.5
2021-01,2023-04,231.35,230.5
2021-01,2023-05,231.35,230.5
2021-01,2023-06,231.35,230.5
2021-01,2023-07,231.35,230.5
2021-01,2023-08,231.35,230.5
2021-01,2023-09,231.35,230.5
2021-01,2023-10,231.35,230.5
2021-01,2023-11,231.35,230.5
2021-01,2023-12,231.35,230.5
2021-01,2024-01,227.54,227.54
2021-01,2024-02,227.54,227.54
2021-01,2024-03,227.54,227.54
2021-01,2024-04,227.54,227.54
2021-01,2024-05,227.54,227.54
2021-01,2024-06,227.54,227.54
2021-01,2024-07,227.54,227.54
2021-01,2024-08,227.54,227.54
2021-01,2024-09,227.54,227.54
2021-01,2024-10,227.54,227.54
2021-01,2024-11,227.54,227.54
2021-01,2024-12,227.54,227.54
2021-01,2025-01,226.0,222.61
2021-01,2025-02,226.0,222.61
2021-01,2025-03,226.0,222.61
2021-01,2025-04,226.0,222.61
2021-01,2025-05,226.0,222.61
2021-01,2025-06,226.0,222.61
2021-01,2025-07,226.0,222.61
2021-01,2025-08,226.0,222.61
2021-01,2025-09,226.0,222.61
2021-01,2025-10,226.0,222.61
2021-01,2025-11,226.0,222.61
2021-01,2025-12,226.0,222.61
2021-01,2026-01,234.53,231.0
2021-01,2026-02,234.53,231.0
2021-01,2026-03,234.53,231.0
2021-01,2026-04,234.53,231.0
2021-01,2026-05,234.53,231.0
2021-01,2026-06,234.53,231.0
2021-01,2026-07,234.53,231.0
2021-01,2026-08,234.53,231.0
2021-01,2026-09,234.53,231.0
2021-01,2026-10,234.53,231.0
2021-01,2026-11,234.53,231.0
2021-01,2026-12,234.53,231.0
2021-02,2021-02,263.75,217.15
2021-02,2021-03,243.16,221.0
2021-02,2021-04,225.0,216.0
2021-02,2021-05,216.0,215.0
2021-02,2021-06,216.0,215.0
2021-02,2021-07,216.0,215.0
2021-02,2021-08,216.0,215.0
2021-02,2021-09,216.0,215.0
2021-02,2021-10,220.0,220.0
2021-02,2021-11,220.0,220.0
2021-02,2021-12,220.0,220.0
2021-02,2022-01,230.0,223.0
2021-02,2022-02,230.0,223.0
2021-02,2022-03,230.0,223.0
2021-02,2022-04,230.0,223.0
2021-02,2022-05,226.0,223.0
2021-02,2022-06,226.0,223.0
2021-02,2022-07,226.0,223.0
2021-02,2022-08,226.0,223.0
2021-02,2022-09,226.0,223.0
2021-02,2022-10,226.0,223.0
2021-02,2022-11,226.0,223.0
2021-02,2022-12,226.0,223.0
2021-02,2023-01,231.35,229.31
2021-02,2023-02,231.35,229.31
2021-02,2023-03,231.35,229.31
2021-02,2023-04,231.35,229.31
2021-02,2023-05,231.35,229.31
2021-02,2023-06,231.35,229.31
2021-02,2023-07,231.35,229.31
2021-02,2023-08,231.35,229.31
2021-02,2023-09,231.35,229.31
2021-02,2023-10,231.35,229.31
2021-02,2023-11,231.35,229.31
2021-02,2023-12,231.35,229.31
2021-02,2024-01,227.54,227.0
2021-02,2024-02,227.54,227.0
2021-02,2024-03,227.54,227.0
2021-02,2024-04,227.54,227.0
2021-02,2024-05,227.54,227.0
2021-02,2024-06,227.54,227.0
2021-02,2024-07,227.54,227.0
2021-02,2024-08,227.54,227.0
2021-02,2024-09,227.54,227.0
2021-02,2024-10,227.54,227.0
2021-02,2024-11,227.54,227.0
2021-02,2024-12,227.54,227.0
2021-02,2025-01,226.0,223.0
2021-02,2025-02,226.0,223.0
2021-02,2025-03,226.0,223.0
2021-02,2025-04,226.0,223.0
2021-02,2025-05,226.0,223.0
2021-02,2025-06,226.0,223.0
2021-02,2025-07,226.0,223.0
2021-02,2025-08,226.0,223.0
2021-02,2025-09,226.0,223.0
2021-02,2025-10,226.0,223.0
2021-02,2025-11,226.0,223.0
2021-02,2025-12,226.0,223.0
2021-02,2026-01,231.0,231.0
2021-02,2026-02,231.0,231.0
2021-02,2026-03,231.0,231.0
2021-02,2026-04,231.0,231.0
2021-02,2026-05,231.0,231.0
2021-02,2026-06,231.0,231.0
2021-02,2026-07,231.0,231.0
2021-02,2026-08,231.0,231.0
2021-02,2026-09,231.0,231.0
2021-02,2026-10,231.0,231.0
2021-02,2026-11,231.0,231.0
2021-02,2026-12,231.0,231.0
2021-02,2027-01,231.0,231.0
2021-03,2021-03,239.55,155.85
2021-03,2021-04,225.0,165.0
2021-03,2021-05,215.0,208.0
2021-03,2021-06,215.0,208.0
2021-03,2021-07,215.0,208.0
2021-03,2021-08,215.0,208.0
2021-03,2021-09,215.0,208.0
2021-03,2021-10,220.0,220.0
2021-03,2021-11,220.0,220.0
2021-03,2021-12,220.0,220.0
2021-03,2022-01,236.71,232.5
2021-03,2022-02,236.71,232.5
2021-03,2022-03,236.71,232.5
2021-03,2022-04,236.71,232.5
2021-03,2022-05,229.46,226.0
2021-03,2022-06,229.46,226.0
2021-03,2022-07,229.46,226.0
2021-03,2022-08,229.46,226.0
2021-03,2022-09,229.46,226.0
2021-03,2022-10,229.46,226.0
2021-03,2022-11,231.46,226.0
2021-03,2022-12,231.46,226.0
2021-03,2023-01,230.0,229.31
2021-03,2023-02,230.0,229.31
2021-03,2023-03,230.0,229.31
2021-03,2023-04,230.0,229.31
2021-03,2023-05,230.0,229.31
2021-03,2023-06,230.0,229.31
2021-03,2023-07,230.0,229.31
2021-03,2023-08,230.0,229.31
2021-03,2023-09,230.0,229.31
2021-03,2023-10,230.0,229.31
2021-03,2023-11,230.0,229.31
2021-03,2023-12,230.0,229.31
2021-03,2024-01,227.0,223.0
2021-03,2024-02,227.0,223.0
2021-03,2024-03,227.0,223.0
2021-03,2024-04,227.0,223.0
2021-03,2024-05,227.0,223.0
2021-03,2024-06,227.0,223.0
2021-03,2024-07,227.0,223.0
2021-03,2024-08,227.0,223.0
2021-03,2024-09,227.0,223.0
2021-03,2024-10,227.0,223.0
2021-03,2024-11,227.0,223.0
2021-03,2024-12,227.0,223.0
2021-03,2025-01,227.5,226.0
2021-03,2025-02,227.5,226.0
2021-03,2025-03,227.5,226.0
2021-03,2025-04,227.5,226.0
2021-03,2025-05,227.5,226.0
2021-03,2025-06,227.5,226.0
2021-03,2025-07,227.5,226.0
2021-03,2025-08,227.5,226.0
2021-03,2025-09,227.5,226.0
2021-03,2025-10,227.5,226.0
2021-03,2025-11,227.5,226.0
2021-03,2025-12,227.5,226.0
2021-03,2026-01,231.0,230.0
2021-03,2026-02,231.0,230.0
2021-03,2026-03,231.0,230.0
2021-03,2026-04,231.0,230.0
2021-03,2026-05,231.0,230.0
2021-03,2026-06,231.0,230.0
2021-03,2026-07,231.0,230.0
2021-03,2026-08,231.0,230.0
2021-03,2026-09,231.0,230.0
2021-03,2026-10,231.0,230.0
2021-03,2026-11,231.0,230.0
2021-03,2026-12,231.0,230.0
2021-03,2027-01,231.0,230.0
2021-03,2027-02,231.0,230.0
2021-04,2021-04,165.0,156.0
2021-04,2021-05,206.0,191.2
2021-04,2021-06,206.0,197.0
2021-04,2021-07,206.0,197.0
2021-04,2021-08,206.0,197.0
2021-04,2021-09,206.0,197.0
2021-04,2021-10,220.0,218.0
2021-04,2021-11,220.0,218.0
2021-04,2021-12,220.0,218.0
2021-04,2022-01,244.62,237.3
2021-04,2022-02,244.62,237.3
2021-04,2022-03,244.62,237.3
2021-04,2022-04,244.62,237.3
2021-04,2022-05,237.51,230.03
2021-04,2022-06,237.51,230.03
2021-04,2022-07,237.51,230.03
2021-04,2022-08,237.51,230.03
2021-04,2022-09,237.51,230.03
2021-04,2022-10,237.51,230.03
2021-04,2022-11,241.57,232.04
2021-04,2022-12,241.57,232.04
2021-04,2023-01,232.0,230.0
2021-04,2023-02,232.0,230.0
2021-04,2023-03,232.0,230.0
2021-04,2023-04,232.0,230.0
2021-04,2023-05,232.0,230.0
2021-04,2023-06,232.0,230.0
2021-04,2023-07,232.0,230.0
2021-04,2023-08,232.0,230.0
2021-04,2023-09,232.0,230.0
2021-04,2023-10,232.0,230.0
2021-04,2023-11,232.0,230.0
2021-04,2023-12,232.0,230.0
2021-04,2024-01,221.49,213.5
2021-04,2024-02,221.49,213.5
2021-04,2024-03,221.49,213.5
2021-04,2024-04,221.49,213.5
2021-04,2024-05,221.49,213.5
2021-04,2024-06,221.49,213.5
2021-04,2024-07,221.49,213.5
2021-04,2024-08,221.49,213.5
2021-04,2024-09,221.49,213.5
2021-04,2024-10,221.49,213.5
2021-04,2024-11,221.49,213.5
2021-04,2024-12,221.49,213.5
2021-04,2025-01,227.5,227.5
2021-04,2025-02,227.5,227.5
2021-04,2025-03,227.5,227.5
2021-04,2025-04,227.5,227.5
2021-04,2025-05,227.5,227.5
2021-04,2025-06,227.5,227.5
2021-04,2025-07,227.5,227.5
2021-04,2025-08,227.5,227.5
2021-04,2025-09,227.5,227.5
2021-04,2025-10,227.5,227.5
2021-04,2025-11,227.5,227.5
2021-04,2025-12,227.5,227.5
2021-04,2026-01,230.0,230.0
2021-04,2026-02,230.0,230.0
2021-04,2026-03,230.0,230.0
2021-04,2026-04,230.0,230.0
2021-04,2026-05,230.0,230.0
2021-04,2026-06,230.0,230.0
2021-04,2026-07,230.0,230.0
2021-04,2026-08,230.0,230.0
2021-04,2026-09,230.0,230.0
2021-04,2026-10,230.0,230.0
2021-04,2026-11,230.0,230.0
2021-04,2026-12,230.0,230.0
2021-04,2027-01,230.0,230.0
2021-04,2027-02,230.0,230.0
2021-04,2027-03,230.0,230.0
