Fecha,Mes,Precio
2010-10,2010-10,131.0642105263158
2010-10,2010-11,125.64368421052632
2010-10,2010-12,130.47631578947372
2010-10,2011-01,137.87842105263158
2010-11,2010-11,109.87949999999998
2010-11,2010-12,124.238
2010-11,2011-01,131.8905
2010-11,2011-02,132.78947368421052
2010-12,2010-12,80.65590909090908
2010-12,2011-01,110.15727272727273
2010-12,2011-02,117.18863636363636
2010-12,2011-03,124.12590909090908
2011-01,2011-01,93.34399999999998
2011-01,2011-02,109.8315
2011-01,2011-03,114.50050000000002
2011-01,2011-04,117.382
2011-02,2011-02,115.5475
2011-02,2011-03,119.508
2011-02,2011-04,116.448
2011-02,2011-05,110.1885
2011-03,2011-03,97.63227272727272
2011-03,2011-04,107.55909090909093
2011-03,2011-05,107.74500000000002
2011-03,2011-06,109.43
2011-04,2011-04,91.2457894736842
2011-04,2011-05,100.95526315789472
2011-04,2011-06,103.27263157894735
2011-04,2011-07,104.95842105263156
2011-05,2011-05,66.80636363636363
2011-05,2011-06,86.69500000000002
2011-05,2011-07,92.46772727272727
2011-05,2011-08,98.23409090909092
2011-06,2011-06,69.35549999999999
2011-06,2011-07,86.57750000000004
2011-06,2011-08,90.243
2011-06,2011-09,98.48999999999998
2011-07,2011-07,64.10894736842106
2011-07,2011-08,87.63684210526316
2011-07,2011-09,95.3042105263158
2011-07,2011-10,99.31842105263159
2011-08,2011-08,87.3340909090909
2011-08,2011-09,95.83954545454547
2011-08,2011-10,101.41136363636365
2011-08,2011-11,101.00499999999998
2011-09,2011-09,94.49363636363636
2011-09,2011-10,102.16454545454545
2011-09,2011-11,100.8681818181818
2011-09,2011-12,104.91181818181818
2011-10,2011-10,87.3875
2011-10,2011-11,99.175
2011-10,2011-12,102.6415
2011-10,2012-01,113.7485
2011-10,2012-02,123.84388888888887
2011-10,2012-03,125.84777777777776
2011-10,2012-04,120.47333333333331
2011-10,2012-05,105.26111111111112
2011-10,2012-06,100.60666666666664
2011-10,2012-07,100.31444444444445
2011-10,2012-08,104.16555555555556
2011-10,2012-09,110.82333333333334
2011-10,2012-10,112.96388888888892
2011-11,2011-11,78.464
2011-11,2011-12,90.681
2011-11,2012-01,109.5615
2011-11,2012-02,121.59899999999999
2011-11,2012-03,123.1275
2011-11,2012-04,113.28850000000004
2011-11,2012-05,104.16
2011-11,2012-06,98.52349999999998
2011-11,2012-07,96.609
2011-11,2012-08,100.3035
2011-11,2012-09,107.0645
2011-11,2012-10,105.4295
2011-11,2012-11,102.04899999999999
2011-12,2011-12,69.52149999999999
2011-12,2012-01,106.533
2011-12,2012-02,119.961
2011-12,2012-03,117.803
2011-12,2012-04,111.6655
2011-12,2012-05,103.30249999999998
2011-12,2012-06,100.4475
2011-12,2012-07,97.5965
2011-12,2012-08,98.2845
2011-12,2012-09,107.3895
2011-12,2012-10,104.93850000000002
2011-12,2012-11,103.24799999999999
2011-12,2012-12,122.0125
2012-01,2012-01,73.37476190476191
2012-01,2012-02,113.46
2012-01,2012-03,112.36333333333334
2012-01,2012-04,109.53285714285713
2012-01,2012-05,102.96142857142857
2012-01,2012-06,100.19571428571429
2012-01,2012-07,95.72714285714285
2012-01,2012-08,99.45714285714287
2012-01,2012-09,108.05761904761906
2012-01,2012-10,108.55333333333333
2012-01,2012-11,105.89380952380951
2012-01,2012-12,121.20476190476192
2012-01,2013-01,130.04761904761904
2012-02,2012-02,72.57809523809523
2012-02,2012-03,94.1904761904762
2012-02,2012-04,102.73809523809523
2012-02,2012-05,100.50428571428571
2012-02,2012-06,98.7547619047619
2012-02,2012-07,94.27285714285715
2012-02,2012-08,96.92095238095236
2012-02,2012-09,102.60095238095236
2012-02,2012-10,104.4495238095238
2012-02,2012-11,102.72714285714287
2012-02,2012-12,119.45904761904764
2012-02,2013-01,127.1952380952381
2012-02,2013-02,128.24857142857144
2012-03,2012-03,124.45571428571431
2012-03,2012-04,113.56047619047621
2012-03,2012-05,106.56190476190477
2012-03,2012-06,101.85095238095238
2012-03,2012-07,101.1904761904762
2012-03,2012-08,109.06619047619049
2012-03,2012-09,110.96761904761904
2012-03,2012-10,112.67857142857143
2012-03,2012-11,109.4757142857143
2012-03,2012-12,123.23809523809523
2012-03,2013-01,129.30238095238096
2012-03,2013-02,133.38571428571427
2012-03,2013-03,132.64714285714285
2012-04,2012-04,72.75473684210526
2012-04,2012-05,97.46526315789473
2012-04,2012-06,99.41736842105264
2012-04,2012-07,99.44736842105264
2012-04,2012-08,109.12105263157896
2012-04,2012-09,108.94631578947369
2012-04,2012-10,112.1921052631579
2012-04,2012-11,112.70105263157896
2012-04,2012-12,123.79263157894735
2012-04,2013-01,130.1578947368421
2012-04,2013-02,135.28947368421052
2012-04,2013-03,135.11
2012-04,2013-04,128.3384210526316
2012-05,2012-05,60.678095238095246
2012-05,2012-06,93.78333333333332
2012-05,2012-07,95.4904761904762
2012-05,2012-08,102.78809523809522
2012-05,2012-09,107.26571428571428
2012-05,2012-10,107.96952380952379
2012-05,2012-11,108.37047619047618
2012-05,2012-12,123.36333333333332
2012-05,2013-01,130.21333333333334
2012-05,2013-02,134.78571428571428
2012-05,2013-03,134.54761904761904
2012-05,2013-04,127.77238095238094
2012-05,2013-05,119.19190476190478
2012-06,2012-06,89.70315789473682
2012-06,2012-07,97.83684210526316
2012-06,2012-08,107.31052631578949
2012-06,2012-09,109.43052631578949
2012-06,2012-10,112.64105263157896
2012-06,2012-11,109.94736842105264
2012-06,2012-12,123.83526315789473
2012-06,2013-01,131.6615789473684
2012-06,2013-02,134.8421052631579
2012-06,2013-03,135.09894736842108
2012-06,2013-04,128.0
2012-06,2013-05,121.1921052631579
2012-06,2013-06,120.30263157894736
2012-07,2012-07,82.705
2012-07,2012-08,111.5805
2012-07,2012-09,115.398
2012-07,2012-10,121.67
2012-07,2012-11,115.8285
2012-07,2012-12,125.5705
2012-07,2013-01,138.49
2012-07,2013-02,138.5475
2012-07,2013-03,137.21550000000002
2012-07,2013-04,129.3965
2012-07,2013-05,117.6325
2012-07,2013-06,117.4
2012-07,2013-07,117.9395
2012-08,2012-08,134.35809523809522
2012-08,2012-09,132.5004761904762
2012-08,2012-10,132.09095238095242
2012-08,2012-11,136.0861904761905
2012-08,2012-12,139.21571428571428
2012-08,2013-01,147.39428571428576
2012-08,2013-02,146.21666666666667
2012-08,2013-03,143.5914285714286
2012-08,2013-04,130.69809523809522
2012-08,2013-05,121.01285714285713
2012-08,2013-06,122.40809523809523
2012-08,2013-07,123.76714285714284
2012-08,2013-08,123.65476190476187
2012-09,2012-09,154.60099999999997
2012-09,2012-10,150.4375
2012-09,2012-11,148.09799999999998
2012-09,2012-12,157.78500000000003
2012-09,2013-01,161.405
2012-09,2013-02,166.563
2012-09,2013-03,160.8635
2012-09,2013-04,145.75499999999997
2012-09,2013-05,125.3095
2012-09,2013-06,125.38850000000002
2012-09,2013-07,127.242
2012-09,2013-08,130.64350000000002
2012-09,2013-09,133.8625
2012-10,2012-02,185.5
2012-10,2012-10,192.22
2012-10,2012-11,165.07272727272724
2012-10,2012-12,166.07272727272724
2012-10,2013-01,181.25
2012-10,2013-02,193.05454545454543
2012-10,2013-03,189.0118181818182
2012-10,2013-04,169.74545454545455
2012-10,2013-05,131.29090909090908
2012-10,2013-06,125.75772727272724
2012-10,2013-07,126.51136363636364
2012-10,2013-08,124.65863636363636
2012-10,2013-09,131.12181818181818
2012-10,2013-10,131.92272727272731
2012-11,2012-11,168.3215
2012-11,2012-12,165.825
2012-11,2013-01,184.4825
2012-11,2013-02,195.925
2012-11,2013-03,193.862
2012-11,2013-04,170.80550000000005
2012-11,2013-05,133.5295
2012-11,2013-06,133.325
2012-11,2013-07,128.515
2012-11,2013-08,126.061
2012-11,2013-09,127.99150000000002
2012-11,2013-10,129.673
2012-11,2013-11,128.95100000000002
2012-12,2012-12,171.54052631578952
2012-12,2013-01,186.77894736842103
2012-12,2013-02,194.1210526315789
2012-12,2013-03,189.9747368421053
2012-12,2013-04,170.2678947368421
2012-12,2013-05,132.97684210526316
2012-12,2013-06,133.60526315789474
2012-12,2013-07,132.52368421052634
2012-12,2013-08,126.25947368421056
2012-12,2013-09,128.2042105263158
2012-12,2013-10,129.57105263157894
2012-12,2013-11,138.5642105263158
2012-12,2013-12,142.0421052631579
2013-01,2013-01,183.9961904761905
2013-01,2013-02,191.83666666666667
2013-01,2013-03,190.84285714285718
2013-01,2013-04,171.512380952381
2013-01,2013-05,130.08857142857144
2013-01,2013-06,124.01380952380951
2013-01,2013-07,123.29047619047621
2013-01,2013-08,125.97142857142859
2013-01,2013-09,128.93714285714285
2013-01,2013-10,131.93190476190478
2013-01,2013-11,136.43809523809523
2013-01,2013-12,138.39571428571426
2013-01,2014-01,150.04190476190476
2013-02,2013-02,202.4485
2013-02,2013-03,193.29900000000004
2013-02,2013-04,170.2615
2013-02,2013-05,136.131
2013-02,2013-06,128.64499999999998
2013-02,2013-07,126.295
2013-02,2013-08,129.625
2013-02,2013-09,129.625
2013-02,2013-10,132.38
2013-02,2013-11,137.41
2013-02,2013-12,142.79
2013-02,2014-01,152.1675
2013-02,2014-02,163.83200000000005
2013-03,2013-03,162.97055555555553
2013-03,2013-04,135.055
2013-03,2013-05,126.46888888888887
2013-03,2013-06,120.485
2013-03,2013-07,118.79444444444442
2013-03,2013-08,122.26555555555555
2013-03,2013-09,124.06666666666668
2013-03,2013-10,125.57222222222224
2013-03,2013-11,129.24666666666667
2013-03,2013-12,140.77277777777778
2013-03,2014-01,150.06444444444446
2013-03,2014-02,156.1777777777778
2013-03,2014-03,152.61722222222218
2013-04,2013-04,191.95954545454543
2013-04,2013-05,132.66272727272727
2013-04,2013-06,117.79045454545454
2013-04,2013-07,114.22818181818184
2013-04,2013-08,120.5386363636364
2013-04,2013-09,125.52636363636364
2013-04,2013-10,125.13
2013-04,2013-11,124.85636363636364
2013-04,2013-12,138.84999999999994
2013-04,2014-01,146.62954545454545
2013-04,2014-02,146.12818181818182
2013-04,2014-03,140.17909090909092
2013-04,2014-04,128.08272727272725
2013-05,2013-05,148.97619047619048
2013-05,2013-06,124.15190476190477
2013-05,2013-07,116.90952380952379
2013-05,2013-08,117.59952380952379
2013-05,2013-09,125.06571428571426
2013-05,2013-10,126.43380952380951
2013-05,2013-11,126.82380952380952
2013-05,2013-12,136.72333333333336
2013-05,2014-01,144.47
2013-05,2014-02,141.89523809523808
2013-05,2014-03,134.96285714285716
2013-05,2014-04,125.38190476190478
2013-05,2014-05,117.45904761904758
2013-06,2013-06,129.31388888888887
2013-06,2013-07,122.33833333333334
2013-06,2013-08,121.83111111111113
2013-06,2013-09,125.72
2013-06,2013-10,125.80777777777777
2013-06,2013-11,125.29166666666669
2013-06,2013-12,131.9672222222222
2013-06,2014-01,141.38833333333338
2013-06,2014-02,145.45666666666668
2013-06,2014-03,136.04388888888894
2013-06,2014-04,122.445
2013-06,2014-05,119.71611111111109
2013-06,2014-06,117.51444444444445
2013-07,2013-07,189.90090909090907
2013-07,2013-08,157.2740909090909
2013-07,2013-09,143.32545454545453
2013-07,2013-10,143.2340909090909
2013-07,2013-11,146.7281818181818
2013-07,2013-12,151.4140909090909
2013-07,2014-01,154.78454545454545
2013-07,2014-02,153.79181818181817
2013-07,2014-03,146.89318181818183
2013-07,2014-04,130.87
2013-07,2014-05,122.55772727272728
2013-07,2014-06,119.82090909090911
2013-07,2014-07,113.95909090909088
2013-08,2013-08,168.738
2013-08,2013-09,156.69649999999996
2013-08,2013-10,151.40249999999997
2013-08,2013-11,151.22500000000005
2013-08,2013-12,156.53799999999998
2013-08,2014-01,150.44250000000005
2013-08,2014-02,147.957
2013-08,2014-03,141.17400000000004
2013-08,2014-04,131.37550000000002
2013-08,2014-05,118.0485
2013-08,2014-06,115.1155
2013-08,2014-07,114.505
2013-08,2014-08,119.65
2013-09,2013-09,141.54809523809524
2013-09,2013-10,139.71809523809526
2013-09,2013-11,141.14380952380952
2013-09,2013-12,142.48714285714286
2013-09,2014-01,146.12095238095233
2013-09,2014-02,150.11333333333332
2013-09,2014-03,152.48428571428568
2013-09,2014-04,133.66047619047623
2013-09,2014-05,116.6661904761905
2013-09,2014-06,116.23952380952382
2013-09,2014-07,114.97142857142856
2013-09,2014-08,118.20952380952379
2013-09,2014-09,117.87142857142858
2013-09,2014-10,131.61818181818182
2013-09,2014-11,127.12727272727273
2013-09,2014-12,129.29090909090908
2013-09,2015-01,143.85454545454547
2013-09,2015-02,151.01818181818183
2013-10,2013-10,160.94272727272727
2013-10,2013-11,148.75454545454545
2013-10,2013-12,149.43681818181818
2013-10,2014-01,150.76863636363638
2013-10,2014-02,154.85272727272724
2013-10,2014-03,156.21136363636367
2013-10,2014-04,140.76136363636368
2013-10,2014-05,121.67545454545453
2013-10,2014-06,117.98454545454544
2013-10,2014-07,116.76363636363637
2013-10,2014-08,117.52363636363636
2013-10,2014-09,119.22409090909092
2013-10,2014-10,128.3363636363637
2013-10,2014-11,126.63545454545456
2013-10,2014-12,128.73909090909095
2013-10,2015-01,145.11409090909098
2013-10,2015-02,150.96136363636367
2013-10,2015-03,139.23318181818183
2013-11,2013-11,207.91578947368419
2013-11,2013-12,203.6884210526316
2013-11,2014-01,156.08105263157896
2013-11,2014-02,161.84526315789472
2013-11,2014-03,164.74736842105264
2013-11,2014-04,145.4521052631579
2013-11,2014-05,122.71894736842104
2013-11,2014-06,119.02842105263157
2013-11,2014-07,121.00315789473686
2013-11,2014-08,120.99736842105264
2013-11,2014-09,123.11052631578951
2013-11,2014-10,133.49736842105258
2013-11,2014-11,128.86631578947367
2013-11,2014-12,128.86631578947367
2013-11,2015-01,129.32894736842104
2013-11,2015-02,131.44736842105266
2013-11,2015-03,131.44736842105266
2013-11,2015-04,130.2105263157895
2013-12,2013-12,207.73900000000003
2013-12,2014-01,171.0655
2013-12,2014-02,172.74000000000004
2013-12,2014-03,168.46999999999997
2013-12,2014-04,154.33600000000004
2013-12,2014-05,140.1415
2013-12,2014-06,130.8965
2013-12,2014-07,127.36649999999996
2013-12,2014-08,129.10049999999998
2013-12,2014-09,136.93750000000003
2013-12,2014-10,140.8025
2013-12,2014-11,134.57799999999997
2013-12,2014-12,142.00650000000005
2013-12,2015-01,142.151
2013-12,2015-02,142.32399999999998
2013-12,2015-03,137.514
2013-12,2015-04,137.066
2013-12,2015-05,137.493
2014-01,2014-01,166.10809523809522
2014-01,2014-02,181.84809523809525
2014-01,2014-03,178.48476190476194
2014-01,2014-04,161.22714285714284
2014-01,2014-05,139.89
2014-01,2014-06,130.0314285714285
2014-01,2014-07,124.82190476190478
2014-01,2014-08,134.1847619047619
2014-01,2014-09,145.24285714285713
2014-01,2014-10,148.64571428571432
2014-01,2014-11,131.35857142857142
2014-01,2014-12,145.1461904761905
2014-01,2015-01,156.64571428571423
2014-01,2015-02,156.64571428571423
2014-01,2015-03,156.637619047619
2014-01,2015-04,141.1052380952381
2014-01,2015-05,141.1052380952381
2014-01,2015-06,140.95190476190476
2014-02,2014-02,191.8005
2014-02,2014-03,181.3435
2014-02,2014-04,160.773
2014-02,2014-05,138.47450000000003
2014-02,2014-06,128.974
2014-02,2014-07,127.49700000000001
2014-02,2014-08,137.20099999999996
2014-02,2014-09,146.87600000000003
2014-02,2014-10,149.19800000000004
2014-02,2014-11,134.35250000000002
2014-02,2014-12,149.5825
2014-02,2015-01,154.791
2014-02,2015-02,163.34000000000006
2014-02,2015-03,163.34000000000006
2014-02,2015-04,163.34000000000006
2014-02,2015-05,136.99550000000005
2014-02,2015-06,136.99550000000005
2014-02,2015-07,136.84550000000004
2014-03,2014-03,163.35200000000003
2014-03,2014-04,158.7525
2014-03,2014-05,143.04599999999996
2014-03,2014-06,136.5395
2014-03,2014-07,127.5265
2014-03,2014-08,134.16749999999996
2014-03,2014-09,143.20850000000004
2014-03,2014-10,153.05400000000003
2014-03,2014-11,138.73099999999994
2014-03,2014-12,152.615
2014-03,2015-01,161.9395
2014-03,2015-02,166.6275
2014-03,2015-03,149.666
2014-03,2015-04,149.666
2014-03,2015-05,149.026
2014-03,2015-06,131.933
2014-03,2015-07,131.933
2014-03,2015-08,131.3715
2014-04,2014-04,250.1965
2014-04,2014-05,166.618
2014-04,2014-06,148.95499999999996
2014-04,2014-07,133.0005
2014-04,2014-08,137.57250000000002
2014-04,2014-09,153.01550000000003
2014-04,2014-10,160.53200000000004
2014-04,2014-11,151.071
2014-04,2014-12,158.458
2014-04,2015-01,168.4525
2014-04,2015-02,173.0625
2014-04,2015-03,168.9075
2014-04,2015-04,145.744
2014-04,2015-05,145.744
2014-04,2015-06,145.46600000000004
2014-04,2015-07,133.366
2014-04,2015-08,133.366
2014-04,2015-09,133.929
2014-05,2014-05,350.3376190476191
2014-05,2014-06,213.78238095238098
2014-05,2014-07,183.0761904761905
2014-05,2014-08,183.9852380952381
2014-05,2014-09,179.90476190476193
2014-05,2014-10,200.31619047619046
2014-05,2014-11,201.37714285714284
2014-05,2014-12,202.8823809523809
2014-05,2015-01,203.10047619047614
2014-05,2015-02,203.27809523809523
2014-05,2015-03,198.21619047619046
2014-05,2015-04,165.8661904761905
2014-05,2015-05,163.43047619047627
2014-05,2015-06,163.43047619047627
2014-05,2015-07,163.43047619047627
2014-05,2015-08,159.47428571428568
2014-05,2015-09,159.47428571428568
2014-05,2015-10,159.03238095238092
2014-06,2014-06,356.86944444444435
2014-06,2014-07,239.115
2014-06,2014-08,205.9005555555556
2014-06,2014-09,217.12222222222215
2014-06,2014-10,205.60666666666668
2014-06,2014-11,203.535
2014-06,2014-12,227.8577777777778
2014-06,2015-01,200.73777777777772
2014-06,2015-02,206.37777777777782
2014-06,2015-03,203.71611111111113
2014-06,2015-04,192.71222222222227
2014-06,2015-05,174.0666666666666
2014-06,2015-06,162.02722222222226
2014-06,2015-07,162.02722222222226
2014-06,2015-08,162.02722222222226
2014-06,2015-09,166.74555555555554
2014-06,2015-10,166.74555555555554
2014-06,2015-11,170.11611111111108
2014-07,2014-07,183.29409090909093
2014-07,2014-08,191.95818181818183
2014-07,2014-09,194.49272727272728
2014-07,2014-10,216.90636363636366
2014-07,2014-11,204.82272727272724
2014-07,2014-12,192.94590909090908
2014-07,2015-01,190.59272727272727
2014-07,2015-02,198.29863636363635
2014-07,2015-03,193.2459090909091
2014-07,2015-04,178.46045454545452
2014-07,2015-05,165.88
2014-07,2015-06,155.12500000000003
2014-07,2015-07,156.3940909090909
2014-07,2015-08,156.3940909090909
2014-07,2015-09,156.17045454545453
2014-07,2015-10,159.74818181818185
2014-07,2015-11,159.74818181818185
2014-07,2015-12,159.80818181818188
2014-08,2014-08,224.62315789473686
2014-08,2014-09,212.17210526315793
2014-08,2014-10,213.03000000000003
2014-08,2014-11,199.57
2014-08,2014-12,203.11157894736843
2014-08,2015-01,196.88157894736838
2014-08,2015-02,209.38894736842119
2014-08,2015-03,200.14315789473687
2014-08,2015-04,181.36526315789482
2014-08,2015-05,163.15578947368422
2014-08,2015-06,143.7342105263158
2014-08,2015-07,145.0168421052632
2014-08,2015-08,149.2321052631579
2014-08,2015-09,149.2321052631579
2014-08,2015-10,149.4842105263158
2014-08,2015-11,152.3731578947369
2014-08,2015-12,152.3731578947369
2014-08,2016-01,151.95526315789473
2014-09,2014-09,191.71863636363636
2014-09,2014-10,205.9409090909091
2014-09,2014-11,200.0868181818182
2014-09,2014-12,205.85818181818183
2014-09,2015-01,198.15318181818185
2014-09,2015-02,216.60272727272732
2014-09,2015-03,197.39363636363635
2014-09,2015-04,179.57500000000005
2014-09,2015-05,159.76272727272732
2014-09,2015-06,137.9963636363636
2014-09,2015-07,144.56272727272727
2014-09,2015-08,150.0313636363636
2014-09,2015-09,151.4318181818182
2014-09,2015-10,151.4318181818182
2014-09,2015-11,151.4318181818182
2014-09,2015-12,151.17272727272731
2014-09,2016-01,151.17272727272731
2014-09,2016-02,150.81500000000003
2014-10,2014-10,214.50590909090917
2014-10,2014-11,209.33181818181808
2014-10,2014-12,221.71454545454537
2014-10,2015-01,209.7386363636364
2014-10,2015-02,223.91954545454544
2014-10,2015-03,212.23636363636368
2014-10,2015-04,184.83181818181825
2014-10,2015-05,162.61363636363637
2014-10,2015-06,137.6854545454545
2014-10,2015-07,144.0445454545455
2014-10,2015-08,150.31499999999997
2014-10,2015-09,151.36909090909091
2014-10,2015-10,150.66136363636363
2014-10,2015-11,150.66136363636363
2014-10,2015-12,150.8159090909091
2014-10,2016-01,155.28272727272727
2014-10,2016-02,155.28272727272727
2014-10,2016-03,154.15772727272727
2014-11,2014-11,181.2055555555556
2014-11,2014-12,197.91777777777776
2014-11,2015-01,201.45722222222219
2014-11,2015-02,221.665
2014-11,2015-03,201.9761111111111
2014-11,2015-04,181.5777777777777
2014-11,2015-05,160.56500000000003
2014-11,2015-06,134.11833333333334
2014-11,2015-07,140.2533333333333
2014-11,2015-08,142.66500000000005
2014-11,2015-09,145.51000000000005
2014-11,2015-10,148.67277777777778
2014-11,2015-11,149.72222222222226
2014-11,2015-12,149.72222222222226
2014-11,2016-01,149.5
2014-11,2016-02,154.82666666666668
2014-11,2016-03,154.82666666666668
2014-11,2016-04,154.82666666666668
2014-12,2014-12,190.2725
2014-12,2015-01,205.2135
2014-12,2015-02,222.22299999999998
2014-12,2015-03,197.0660000000001
2014-12,2015-04,176.1985
2014-12,2015-05,152.63499999999996
2014-12,2015-06,134.18200000000002
2014-12,2015-07,137.66699999999997
2014-12,2015-08,143.0775
2014-12,2015-09,146.13799999999995
2014-12,2015-10,148.62550000000005
2014-12,2015-11,150.253
2014-12,2015-12,151.5685
2014-12,2016-01,151.5685
2014-12,2016-02,151.671
2014-12,2016-03,150.68
2014-12,2016-04,150.68
2014-12,2016-05,150.2325
2015-01,2015-01,200.6735
2015-01,2015-02,224.72299999999998
2015-01,2015-03,208.58500000000004
2015-01,2015-04,197.60700000000003
2015-01,2015-05,165.92350000000005
2015-01,2015-06,142.07799999999997
2015-01,2015-07,142.17900000000003
2015-01,2015-08,149.37599999999995
2015-01,2015-09,148.26450000000003
2015-01,2015-10,148.858
2015-01,2015-11,151.1965
2015-01,2015-12,155.58849999999995
2015-01,2016-01,160.33849999999995
2015-01,2016-02,160.33849999999995
2015-01,2016-03,160.33849999999995
2015-01,2016-04,152.39249999999996
2015-01,2016-05,152.39249999999996
2015-01,2016-06,152.63
2015-02,2015-02,178.9885
2015-02,2015-03,186.6945
2015-02,2015-04,176.55050000000003
2015-02,2015-05,161.671
2015-02,2015-06,139.494
2015-02,2015-07,142.47400000000005
2015-02,2015-08,146.416
2015-02,2015-09,148.1415
2015-02,2015-10,147.657
2015-02,2015-11,148.622
2015-02,2015-12,154.81900000000005
2015-02,2016-01,160.18649999999997
2015-02,2016-02,161.87050000000005
2015-02,2016-03,161.87050000000005
2015-02,2016-04,161.8795
2015-02,2016-05,146.79850000000005
2015-02,2016-06,146.79850000000005
2015-02,2016-07,146.6435
2015-03,2015-03,197.63714285714283
2015-03,2015-04,191.56761904761902
2015-03,2015-05,165.10285714285718
2015-03,2015-06,141.61428571428573
2015-03,2015-07,143.76190476190482
2015-03,2015-08,150.2895238095238
2015-03,2015-09,152.6123809523809
2015-03,2015-10,150.22476190476192
2015-03,2015-11,152.5309523809524
2015-03,2015-12,161.2847619047619
2015-03,2016-01,171.30761904761906
2015-03,2016-02,179.6042857142857
2015-03,2016-03,163.0795238095238
2015-03,2016-04,163.0795238095238
2015-03,2016-05,164.0147619047619
2015-03,2016-06,150.55761904761906
2015-03,2016-07,150.55761904761906
2015-03,2016-08,149.7452380952381
2015-04,2015-04,181.488
2015-04,2015-05,169.0205
2015-04,2015-06,140.4415
2015-04,2015-07,143.685
2015-04,2015-08,146.98600000000005
2015-04,2015-09,152.7035
2015-04,2015-10,151.70350000000005
2015-04,2015-11,153.1575
2015-04,2015-12,160.99849999999995
2015-04,2016-01,171.9345
2015-04,2016-02,180.33
2015-04,2016-03,181.36
2015-04,2016-04,157.572
2015-04,2016-05,157.572
2015-04,2016-06,158.191
2015-04,2016-07,153.31400000000005
2015-04,2016-08,153.31400000000005
2015-04,2016-09,153.673
2015-05,2015-05,216.70263157894738
2015-05,2015-06,171.31263157894742
2015-05,2015-07,157.70315789473685
2015-05,2015-08,160.7863157894737
2015-05,2015-09,159.7868421052631
2015-05,2015-10,158.0663157894737
2015-05,2015-11,157.48526315789474
2015-05,2015-12,165.0457894736842
2015-05,2016-01,179.90315789473686
2015-05,2016-02,194.82315789473682
2015-05,2016-03,184.87263157894742
2015-05,2016-04,172.59105263157898
2015-05,2016-05,152.26105263157896
2015-05,2016-06,152.26105263157896
2015-05,2016-07,152.50315789473683
2015-05,2016-08,156.2105263157895
2015-05,2016-09,156.2105263157895
2015-05,2016-10,156.22578947368424
2015-06,2015-06,200.0563157894737
2015-06,2015-07,178.42368421052632
2015-06,2015-08,192.761052631579
2015-06,2015-09,188.27421052631576
2015-06,2015-10,179.93421052631575
2015-06,2015-11,185.34210526315792
2015-06,2015-12,188.41368421052633
2015-06,2016-01,187.49105263157898
2015-06,2016-02,201.7026315789473
2015-06,2016-03,184.9784210526316
2015-06,2016-04,170.78105263157894
2015-06,2016-05,166.2268421052631
2015-06,2016-06,153.37052631578942
2015-06,2016-07,153.37052631578942
2015-06,2016-08,153.08368421052631
2015-06,2016-09,168.49157894736842
2015-06,2016-10,168.49157894736842
2015-06,2016-11,168.58894736842103
2015-07,2015-07,207.05272727272725
2015-07,2015-08,189.7436363636364
2015-07,2015-09,188.3736363636364
2015-07,2015-10,182.58
2015-07,2015-11,193.17090909090908
2015-07,2015-12,195.27454545454552
2015-07,2016-01,187.31
2015-07,2016-02,200.25227272727267
2015-07,2016-03,185.2631818181818
2015-07,2016-04,178.9518181818182
2015-07,2016-05,167.64181818181817
2015-07,2016-06,158.98363636363638
2015-07,2016-07,153.39
2015-07,2016-08,153.39
2015-07,2016-09,153.39
2015-07,2016-10,158.30454545454543
2015-07,2016-11,158.30454545454543
2015-07,2016-12,158.4340909090909
2015-08,2015-08,187.58526315789476
2015-08,2015-09,188.6536842105263
2015-08,2015-10,180.6963157894737
2015-08,2015-11,180.3594736842105
2015-08,2015-12,195.08842105263162
2015-08,2016-01,189.67315789473687
2015-08,2016-02,204.11947368421056
2015-08,2016-03,191.4694736842105
2015-08,2016-04,179.89947368421056
2015-08,2016-05,165.58736842105267
2015-08,2016-06,158.76263157894732
2015-08,2016-07,153.51526315789474
2015-08,2016-08,152.91947368421052
2015-08,2016-09,152.91947368421052
2015-08,2016-10,152.75157894736844
2015-08,2016-11,155.98052631578952
2015-08,2016-12,155.98052631578952
2015-08,2017-01,155.68157894736842
2015-09,2015-09,264.0868181818182
2015-09,2015-10,221.68772727272724
2015-09,2015-11,211.0290909090909
2015-09,2015-12,228.85818181818183
2015-09,2016-01,214.3459090909091
2015-09,2016-02,235.54181818181817
2015-09,2016-03,235.12454545454543
2015-09,2016-04,190.9018181818182
2015-09,2016-05,173.36
2015-09,2016-06,163.98454545454544
2015-09,2016-07,159.6440909090909
2015-09,2016-08,168.02954545454546
2015-09,2016-09,166.02772727272728
2015-09,2016-10,166.02772727272728
2015-09,2016-11,166.02772727272728
2015-09,2016-12,179.43045454545452
2015-09,2017-01,179.1909090909091
2015-09,2017-02,181.36227272727268
2015-10,2015-10,859.2390476190477
2015-10,2015-11,341.5752380952381
2015-10,2015-12,347.6523809523809
2015-10,2016-01,306.54285714285714
2015-10,2016-02,309.7295238095238
2015-10,2016-03,304.74761904761897
2015-10,2016-04,294.40142857142865
2015-10,2016-05,221.01095238095238
2015-10,2016-06,194.73666666666676
2015-10,2016-07,178.9242857142857
2015-10,2016-08,168.81190476190474
2015-10,2016-09,176.4333333333333
2015-10,2016-10,183.92857142857144
2015-10,2016-11,183.92857142857144
2015-10,2016-12,184.14666666666668
2015-10,2017-01,201.98714285714286
2015-10,2017-02,201.98714285714286
2015-10,2017-03,201.9904761904762
2015-11,2015-11,803.9168421052632
2015-11,2015-12,802.2131578947368
2015-11,2016-01,789.172105263158
2015-11,2016-02,758.3394736842107
2015-11,2016-03,682.0615789473684
2015-11,2016-04,536.9742105263158
2015-11,2016-05,254.132105263158
2015-11,2016-06,224.73210526315788
2015-11,2016-07,195.0042105263158
2015-11,2016-08,192.34000000000003
2015-11,2016-09,195.98473684210526
2015-11,2016-10,189.76421052631568
2015-11,2016-11,210.12421052631578
2015-11,2016-12,210.12421052631578
2015-11,2017-01,210.12421052631578
2015-11,2017-02,216.76210526315788
2015-11,2017-03,216.76210526315788
2015-11,2017-04,216.78578947368425
2015-12,2015-12,748.9824999999997
2015-12,2016-01,753.5000000000001
2015-12,2016-02,703.535
2015-12,2016-03,689.8954999999999
2015-12,2016-04,511.31300000000016
2015-12,2016-05,260.93
2015-12,2016-06,216.41950000000003
2015-12,2016-07,196.6115
2015-12,2016-08,181.42400000000004
2015-12,2016-09,193.925
2015-12,2016-10,187.7215
2015-12,2016-11,191.20850000000004
2015-12,2016-12,205.826
2015-12,2017-01,205.826
2015-12,2017-02,208.89000000000004
2015-12,2017-03,203.44099999999997
2015-12,2017-04,203.44099999999997
2015-12,2017-05,204.00100000000003
2016-01,2016-01,320.58
2016-01,2016-02,320.58
2016-01,2016-03,320.58
2016-01,2016-04,320.58
2016-01,2016-05,291.03315789473686
2016-01,2016-06,228.38157894736847
2016-01,2016-07,209.6968421052632
2016-01,2016-08,197.17210526315793
2016-01,2016-09,202.421052631579
2016-01,2016-10,206.3710526315789
2016-01,2016-11,200.1494736842105
2016-01,2016-12,199.89578947368423
2016-01,2017-01,226.29315789473685
2016-01,2017-02,226.29315789473685
2016-01,2017-03,227.7773684210526
2016-01,2017-04,195.2847368421053
2016-01,2017-05,195.2847368421053
2016-01,2017-06,195.2847368421053
2016-02,2016-02,320.0365
2016-02,2016-03,318.975
2016-02,2016-04,316.685
2016-02,2016-05,306.263
2016-02,2016-06,235.79499999999996
2016-02,2016-07,214.49
2016-02,2016-08,203.5435
2016-02,2016-09,209.956
2016-02,2016-10,205.82350000000002
2016-02,2016-11,201.582
2016-02,2016-12,203.5715
2016-02,2017-01,205.43499999999997
2016-02,2017-02,211.69499999999996
2016-02,2017-03,211.69499999999996
2016-02,2017-04,211.69499999999996
2016-02,2017-05,184.71500000000003
2016-02,2017-06,184.71500000000003
2016-02,2017-07,184.3875
2016-03,2016-03,320.58
2016-03,2016-04,320.435
2016-03,2016-05,314.00111111111113
2016-03,2016-06,268.5005555555556
2016-03,2016-07,227.5744444444445
2016-03,2016-08,218.8338888888889
2016-03,2016-09,218.2861111111111
2016-03,2016-10,215.52333333333328
2016-03,2016-11,214.15388888888884
2016-03,2016-12,210.21944444444446
2016-03,2017-01,210.65777777777785
2016-03,2017-02,218.3516666666667
2016-03,2017-03,204.29777777777775
2016-03,2017-04,204.29777777777775
2016-03,2017-05,202.60166666666663
2016-03,2017-06,182.39
2016-03,2017-07,182.39
2016-03,2017-08,182.3777777777777
2016-04,2016-04,315.0514285714285
2016-04,2016-05,283.0804761904762
2016-04,2016-06,260.29190476190485
2016-04,2016-07,228.54809523809533
2016-04,2016-08,215.97238095238092
2016-04,2016-09,214.96047619047627
2016-04,2016-10,204.27238095238098
2016-04,2016-11,201.84333333333333
2016-04,2016-12,202.35714285714292
2016-04,2017-01,202.09952380952373
2016-04,2017-02,216.35809523809525
2016-04,2017-03,213.11666666666665
2016-04,2017-04,185.28142857142856
2016-04,2017-05,185.28142857142856
2016-04,2017-06,185.28142857142856
2016-04,2017-07,186.20809523809524
2016-04,2017-08,186.20809523809524
2016-04,2017-09,186.20809523809524
2016-05,2016-05,161.77100000000004
2016-05,2016-06,174.62600000000003
2016-05,2016-07,173.10150000000004
2016-05,2016-08,177.8055
2016-05,2016-09,184.743
2016-05,2016-10,183.77900000000002
2016-05,2016-11,183.043
2016-05,2016-12,192.0895
2016-05,2017-01,194.3615
2016-05,2017-02,196.7015
2016-05,2017-03,196.4065
2016-05,2017-04,184.364
2016-05,2017-05,172.6015
2016-05,2017-06,172.6015
2016-05,2017-07,172.6015
2016-05,2017-08,176.1785
2016-05,2017-09,176.1785
2016-05,2017-10,176.1785
2016-06,2016-06,160.23
2016-06,2016-07,164.94047619047618
2016-06,2016-08,166.38428571428568
2016-06,2016-09,171.5447619047619
2016-06,2016-10,166.41380952380956
2016-06,2016-11,170.27761904761903
2016-06,2016-12,176.94523809523807
2016-06,2017-01,184.8261904761905
2016-06,2017-02,186.4252380952381
2016-06,2017-03,188.73619047619044
2016-06,2017-04,184.9023809523809
2016-06,2017-05,173.33142857142857
2016-06,2017-06,173.83142857142857
2016-06,2017-07,173.83142857142857
2016-06,2017-08,172.71095238095236
2016-06,2017-09,169.09761904761905
2016-06,2017-10,169.09761904761905
2016-06,2017-11,168.6123809523809
2016-07,2016-07,146.17315789473682
2016-07,2016-08,157.83631578947367
2016-07,2016-09,168.11421052631582
2016-07,2016-10,170.44842105263157
2016-07,2016-11,171.72578947368422
2016-07,2016-12,187.7242105263158
2016-07,2017-01,186.97578947368424
2016-07,2017-02,184.99263157894728
2016-07,2017-03,183.14684210526318
2016-07,2017-04,185.1189473684211
2016-07,2017-05,179.77000000000004
2016-07,2017-06,170.97105263157894
2016-07,2017-07,177.28105263157894
2016-07,2017-08,177.28105263157894
2016-07,2017-09,177.75578947368425
2016-07,2017-10,184.70473684210532
2016-07,2017-11,184.70473684210532
2016-07,2017-12,184.17947368421054
2016-08,2016-08,167.64272727272723
2016-08,2016-09,168.93727272727276
2016-08,2016-10,171.20136363636362
2016-08,2016-11,173.57409090909093
2016-08,2016-12,176.8090909090909
2016-08,2017-01,184.69772727272724
2016-08,2017-02,185.9713636363637
2016-08,2017-03,182.91909090909093
2016-08,2017-04,180.06636363636363
2016-08,2017-05,173.48090909090908
2016-08,2017-06,167.75318181818182
2016-08,2017-07,170.61499999999995
2016-08,2017-08,181.31636363636363
2016-08,2017-09,181.31636363636363
2016-08,2017-10,181.31636363636363
2016-08,2017-11,180.79136363636368
2016-08,2017-12,180.79136363636368
2016-08,2018-01,180.9445454545455
2016-09,2016-09,171.3440909090909
2016-09,2016-10,177.17409090909092
2016-09,2016-11,176.0563636363636
2016-09,2016-12,183.83818181818185
2016-09,2017-01,188.01136363636363
2016-09,2017-02,194.58909090909088
2016-09,2017-03,189.10318181818184
2016-09,2017-04,186.6868181818182
2016-09,2017-05,183.60090909090908
2016-09,2017-06,181.69136363636363
2016-09,2017-07,181.0681818181818
2016-09,2017-08,179.0068181818182
2016-09,2017-09,183.66227272727272
2016-09,2017-10,183.66227272727272
2016-09,2017-11,183.37818181818184
2016-09,2017-12,189.87590909090903
2016-09,2018-01,192.43727272727267
2016-09,2018-02,194.50545454545448
2016-10,2016-10,167.3555
2016-10,2016-11,167.8
2016-10,2016-12,172.89650000000003
2016-10,2017-01,210.325
2016-10,2017-02,211.7425
2016-10,2017-03,210.5755
2016-10,2017-04,190.136
2016-10,2017-05,188.54
2016-10,2017-06,188.2385
2016-10,2017-07,186.638
2016-10,2017-08,186.965
2016-10,2017-09,187.09099999999998
2016-10,2017-10,188.84900000000002
2016-10,2017-11,188.84900000000002
2016-10,2017-12,188.84900000000002
2016-10,2018-01,207.8835
2016-10,2018-02,207.8835
2016-10,2018-03,206.74650000000003
2016-11,2016-11,171.88238095238097
2016-11,2016-12,183.79714285714292
2016-11,2017-01,200.03095238095244
2016-11,2017-02,209.26380952380956
2016-11,2017-03,201.6180952380953
2016-11,2017-04,198.73857142857148
2016-11,2017-05,188.3690476190477
2016-11,2017-06,186.3214285714285
2016-11,2017-07,175.8595238095238
2016-11,2017-08,177.90714285714282
2016-11,2017-09,178.74666666666667
2016-11,2017-10,190.30952380952385
2016-11,2017-11,190.30952380952385
2016-11,2017-12,190.30952380952385
2016-11,2018-01,193.0857142857143
2016-11,2018-02,221.13333333333333
2016-11,2018-03,221.13333333333333
2016-11,2018-04,221.86190476190484
2016-12,2016-12,145.68350000000004
2016-12,2017-01,187.0195
2016-12,2017-02,192.8105
2016-12,2017-03,190.238
2016-12,2017-04,190.5125
2016-12,2017-05,186.53900000000002
2016-12,2017-06,177.6535
2016-12,2017-07,170.63449999999997
2016-12,2017-08,172.27050000000003
2016-12,2017-09,177.93300000000005
2016-12,2017-10,178.581
2016-12,2017-11,182.028
2016-12,2017-12,191.2445
2016-12,2018-01,191.9155
2016-12,2018-02,192.3155
2016-12,2018-03,214.518
2016-12,2018-04,214.518
2016-12,2018-05,214.518
2017-01,2017-01,118.03619047619048
2017-01,2017-02,172.27
2017-01,2017-03,178.32238095238094
2017-01,2017-04,185.82666666666668
2017-01,2017-05,186.16857142857143
2017-01,2017-06,180.29523809523806
2017-01,2017-07,175.60761904761898
2017-01,2017-08,173.75380952380954
2017-01,2017-09,179.68809523809526
2017-01,2017-10,178.43857142857135
2017-01,2017-11,181.87523809523805
2017-01,2017-12,201.07517652857143
2017-01,2018-01,195.44293997142856
2017-01,2018-02,195.44293997142856
2017-01,2018-03,195.01055901904758
2017-01,2018-04,196.71250641428568
2017-01,2018-05,196.71250641428568
2017-01,2018-06,196.49203022380948
2017-02,2017-02,146.00349999999997
2017-02,2017-03,166.597
2017-02,2017-04,168.604
2017-02,2017-05,169.97150000000005
2017-02,2017-06,165.92199999999997
2017-02,2017-07,173.4305
2017-02,2017-08,170.20850000000004
2017-02,2017-09,180.69450000000003
2017-02,2017-10,175.95
2017-02,2017-11,178.02850000000004
2017-02,2017-12,196.7035
2017-02,2018-01,204.0995
2017-02,2018-02,187.7555
2017-02,2018-03,187.7555
2017-02,2018-04,187.6825
2017-02,2018-05,165.65150000000003
2017-02,2018-06,165.65150000000003
2017-02,2018-07,165.65168500000004
2017-03,2017-03,145.605
2017-03,2017-04,170.36636363636362
2017-03,2017-05,173.59909090909088
2017-03,2017-06,174.04090909090908
2017-03,2017-07,180.57090909090908
2017-03,2017-08,176.17045454545453
2017-03,2017-09,185.27227272727268
2017-03,2017-10,183.93727272727276
2017-03,2017-11,185.23363636363632
2017-03,2017-12,197.9304545454545
2017-03,2018-01,206.27954545454543
2017-03,2018-02,196.31000000000003
2017-03,2018-03,185.35954545454547
2017-03,2018-04,185.35954545454547
2017-03,2018-05,183.20318181818183
2017-03,2018-06,168.82
2017-03,2018-07,168.82
2017-03,2018-08,168.5815909090909
2017-04,2017-04,110.9277777777778
2017-04,2017-05,168.38888888888889
2017-04,2017-06,176.25
2017-04,2017-07,181.9583333333333
2017-04,2017-08,182.80166666666668
2017-04,2017-09,187.6033333333333
2017-04,2017-10,184.24444444444447
2017-04,2017-11,187.6655555555556
2017-04,2017-12,196.20611111111114
2017-04,2018-01,199.42833333333337
2017-04,2018-02,201.8933333333333
2017-04,2018-03,194.56333333333333
2017-04,2018-04,193.6233333333333
2017-04,2018-05,193.6233333333333
2017-04,2018-06,190.47666666666663
2017-04,2018-07,180.26055555555558
2017-04,2018-08,180.26055555555558
2017-04,2018-09,180.10888888888888
2017-05,2017-05,109.72857142857143
2017-05,2017-06,158.43714285714287
2017-05,2017-07,167.29761904761904
2017-05,2017-08,173.52952380952382
2017-05,2017-09,180.14380952380955
2017-05,2017-10,180.11333333333337
2017-05,2017-11,185.72952380952384
2017-05,2017-12,189.55714285714282
2017-05,2018-01,190.07523809523806
2017-05,2018-02,192.79190476190482
2017-05,2018-03,190.5952380952381
2017-05,2018-04,178.89999999999995
2017-05,2018-05,186.85714285714292
2017-05,2018-06,186.85714285714292
2017-05,2018-07,186.57952380952386
2017-05,2018-08,185.68666666666667
2017-05,2018-09,185.68666666666667
2017-05,2018-10,184.69666666666663
2017-06,2017-06,101.04100000000004
2017-06,2017-07,140.01450000000003
2017-06,2017-08,162.75199999999995
2017-06,2017-09,174.62950000000004
2017-06,2017-10,174.3115
2017-06,2017-11,180.4235
2017-06,2017-12,186.1225
2017-06,2018-01,211.0685
2017-06,2018-02,210.612
2017-06,2018-03,207.6835
2017-06,2018-04,185.8295
2017-06,2018-05,177.15849999999998
2017-06,2018-06,186.0
2017-06,2018-07,189.9135
2017-06,2018-08,192.9705
2017-06,2018-09,191.1935
2017-06,2018-10,192.79399999999995
2017-06,2018-11,193.43900000000002
2017-07,2017-07,74.1936842105263
2017-07,2017-08,142.52
2017-07,2017-09,150.7226315789474
2017-07,2017-10,164.75684210526316
2017-07,2017-11,166.34684210526316
2017-07,2017-12,172.96736842105264
2017-07,2018-01,197.68842105263158
2017-07,2018-02,208.91315789473686
2017-07,2018-03,205.0273684210526
2017-07,2018-04,182.07368421052632
2017-07,2018-05,179.1947368421053
2017-07,2018-06,173.4726315789474
2017-07,2018-07,186.05263157894728
2017-07,2018-08,187.28
2017-07,2018-09,187.5184210526316
2017-07,2018-10,192.328947368421
2017-07,2018-11,192.4826315789473
2017-07,2018-12,192.4821851210526
2017-07,2019-01,199.912
2017-07,2019-02,199.912
2017-07,2019-03,199.912
2017-07,2019-04,196.761
2017-07,2019-05,196.761
2017-07,2019-06,196.761
2017-08,2017-08,91.99714285714285
2017-08,2017-09,133.46095238095236
2017-08,2017-10,154.09761904761905
2017-08,2017-11,154.36619047619047
2017-08,2017-12,163.53238095238098
2017-08,2018-01,197.1752380952381
2017-08,2018-02,202.7838095238096
2017-08,2018-03,197.45095238095243
2017-08,2018-04,178.14523809523808
2017-08,2018-05,173.6490476190476
2017-08,2018-06,167.91047619047617
2017-08,2018-07,172.74190476190475
2017-08,2018-08,183.8723809523809
2017-08,2018-09,184.0842857142856
2017-08,2018-10,184.13190476190468
2017-08,2018-11,184.13190476190468
2017-08,2018-12,184.17940476190472
2017-08,2019-01,185.66617859523808
2017-08,2019-02,198.77523809523808
2017-08,2019-03,198.77523809523808
2017-08,2019-04,197.982380952381
2017-08,2019-05,197.982380952381
2017-08,2019-06,197.982380952381
2017-08,2019-07,197.98757142857144
2017-09,2017-09,131.97571428571428
2017-09,2017-10,144.57142857142858
2017-09,2017-11,142.95
2017-09,2017-12,153.36666666666662
2017-09,2018-01,199.12
2017-09,2018-02,200.90047619047616
2017-09,2018-03,201.2904761904762
2017-09,2018-04,182.91476190476192
2017-09,2018-05,179.68904761904759
2017-09,2018-06,176.92333333333335
2017-09,2018-07,173.62857142857143
2017-09,2018-08,184.5690476190476
2017-09,2018-09,184.95714285714286
2017-09,2018-10,184.95714285714286
2017-09,2018-11,184.95714285714286
2017-09,2018-12,190.28994426666677
2017-09,2019-01,209.32047619047614
2017-09,2019-02,209.36809523809518
2017-09,2019-03,209.17476190476194
2017-09,2019-04,199.22095238095238
2017-09,2019-05,198.33747619047614
2017-09,2019-06,198.33747619047614
2017-09,2019-07,198.33747619047614
2017-09,2019-08,198.84176190476188
2017-10,2017-10,128.28952380952379
2017-10,2017-11,138.4766666666667
2017-10,2017-12,145.26190476190476
2017-10,2018-01,188.03047619047612
2017-10,2018-02,188.88047619047614
2017-10,2018-03,189.68380952380954
2017-10,2018-04,180.6523809523809
2017-10,2018-05,167.73285714285714
2017-10,2018-06,157.66
2017-10,2018-07,159.64285714285714
2017-10,2018-08,182.38952380952384
2017-10,2018-09,183.74142857142857
2017-10,2018-10,184.80380952380955
2017-10,2018-11,184.80380952380955
2017-10,2018-12,186.207619047619
2017-10,2019-01,203.34809523809525
2017-10,2019-02,203.34809523809525
2017-10,2019-03,203.34904761904758
2017-10,2019-04,195.51476190476188
2017-10,2019-05,194.9795238095238
2017-10,2019-06,194.9795238095238
2017-10,2019-07,194.9795238095238
2017-10,2019-08,194.9795238095238
2017-10,2019-09,194.83428571428573
2017-11,2017-11,135.997
2017-11,2017-12,142.3875
2017-11,2018-01,183.291
2017-11,2018-02,183.341
2017-11,2018-03,183.341
2017-11,2018-04,181.0
2017-11,2018-05,161.03449999999995
2017-11,2018-06,151.186
2017-11,2018-07,154.0755
2017-11,2018-08,183.7165
2017-11,2018-09,184.183
2017-11,2018-10,184.183
2017-11,2018-11,184.183
2017-11,2018-12,184.183
2017-11,2019-01,205.5275000000001
2017-11,2019-02,205.87600000000003
2017-11,2019-03,206.3635
2017-11,2019-04,188.6675
2017-11,2019-05,188.6675
2017-11,2019-06,188.6675
2017-11,2019-07,188.6675
2017-11,2019-08,188.6675
2017-11,2019-09,188.6675
2017-11,2019-10,188.6675
2017-12,2017-12,115.94222222222223
2017-12,2018-01,169.46111111111108
2017-12,2018-02,170.36111111111111
2017-12,2018-03,170.36111111111111
2017-12,2018-04,180.66666666666663
2017-12,2018-05,156.7611111111111
2017-12,2018-06,149.57777777777778
2017-12,2018-07,152.47444444444446
2017-12,2018-08,176.97833333333332
2017-12,2018-09,176.97833333333332
2017-12,2018-10,176.98
2017-12,2018-11,176.98
2017-12,2018-12,177.41833333333332
2017-12,2019-01,199.04777777777775
2017-12,2019-02,199.04777777777775
2017-12,2019-03,199.04777777777775
2017-12,2019-04,185.05555555555557
2017-12,2019-05,185.05555555555557
2017-12,2019-06,185.05555555555557
2017-12,2019-07,185.05555555555557
2017-12,2019-08,185.05555555555557
2017-12,2019-09,185.05555555555557
2017-12,2019-10,185.0
2017-12,2019-11,185.0
2018-01,2018-01,133.9290476190476
2018-01,2018-02,160.47619047619048
2018-01,2018-03,160.0952380952381
2018-01,2018-04,178.52380952380955
2018-01,2018-05,150.70095238095243
2018-01,2018-06,142.89285714285714
2018-01,2018-07,145.34285714285713
2018-01,2018-08,163.47619047619048
2018-01,2018-09,162.47095238095238
2018-01,2018-10,146.5404761904762
2018-01,2018-11,146.61190476190475
2018-01,2018-12,182.3809523809524
2018-01,2019-01,200.0
2018-01,2019-02,200.0
2018-01,2019-03,200.0
2018-01,2019-04,189.85714285714286
2018-01,2019-05,189.85714285714286
2018-01,2019-06,186.0
2018-01,2019-07,186.0
2018-01,2019-08,187.7142857142857
2018-01,2019-09,186.0
2018-01,2019-10,185.952380952381
2018-01,2019-11,185.952380952381
2018-01,2019-12,185.952380952381
2018-02,2018-02,136.878
2018-02,2018-03,149.626
2018-02,2018-04,153.32299999999998
2018-02,2018-05,150.0
2018-02,2018-06,143.25
2018-02,2018-07,140.90050000000005
2018-02,2018-08,145.25
2018-02,2018-09,148.3875
2018-02,2018-10,142.25
2018-02,2018-11,143.75
2018-02,2018-12,180.3
2018-02,2019-01,199.05
2018-02,2019-02,199.05
2018-02,2019-03,199.05
2018-02,2019-04,190.0
2018-02,2019-05,190.0
2018-02,2019-06,186.0
2018-02,2019-07,186.0
2018-02,2019-08,188.0
2018-02,2019-09,186.0
2018-02,2019-10,186.0
2018-02,2019-11,186.0
2018-02,2019-12,186.0
2018-02,2020-01,183.3
2018-03,2018-03,166.29789473684212
2018-03,2018-04,160.9768421052632
2018-03,2018-05,152.0357894736842
2018-03,2018-06,147.46842105263158
2018-03,2018-07,147.44473684210527
2018-03,2018-08,148.36789473684212
2018-03,2018-09,153.23052631578952
2018-03,2018-10,155.37052631578948
2018-03,2018-11,155.88210526315788
2018-03,2018-12,180.0
2018-03,2019-01,199.0
2018-03,2019-02,199.0
2018-03,2019-03,199.0
2018-03,2019-04,190.0
2018-03,2019-05,190.0
2018-03,2019-06,186.0
2018-03,2019-07,186.0
2018-03,2019-08,188.0
2018-03,2019-09,186.0
2018-03,2019-10,186.0
2018-03,2019-11,186.0
2018-03,2019-12,186.0
2018-03,2020-01,183.0
2018-03,2020-02,183.0
2018-04,2018-04,143.33142857142857
2018-04,2018-05,148.34190476190474
2018-04,2018-06,150.91714285714292
2018-04,2018-07,152.7485714285714
2018-04,2018-08,155.45857142857142
2018-04,2018-09,156.50619047619048
2018-04,2018-10,160.0
2018-04,2018-11,161.4047619047619
2018-04,2018-12,179.10285714285712
2018-04,2019-01,197.58809523809532
2018-04,2019-02,197.58809523809532
2018-04,2019-03,197.58809523809532
2018-04,2019-04,186.30666666666667
2018-04,2019-05,186.30666666666667
2018-04,2019-06,183.8623809523809
2018-04,2019-07,183.172380952381
2018-04,2019-08,183.172380952381
2018-04,2019-09,183.172380952381
2018-04,2019-10,183.2357142857143
2018-04,2019-11,183.2357142857143
2018-04,2019-12,183.5504761904762
2018-04,2020-01,183.0
2018-04,2020-02,183.0
2018-04,2020-03,183.0
2018-05,2018-05,106.61666666666666
2018-05,2018-06,131.4557142857143
2018-05,2018-07,143.00714285714287
2018-05,2018-08,149.76142857142855
2018-05,2018-09,152.57809523809524
2018-05,2018-10,160.78571428571428
2018-05,2018-11,161.5
2018-05,2018-12,175.87714285714284
2018-05,2019-01,193.1609523809523
2018-05,2019-02,193.1609523809523
2018-05,2019-03,193.1609523809523
2018-05,2019-04,181.78619047619046
2018-05,2019-05,182.00238095238097
2018-05,2019-06,180.3971428571429
2018-05,2019-07,179.09142857142857
2018-05,2019-08,179.09142857142857
2018-05,2019-09,179.09142857142857
2018-05,2019-10,179.09142857142857
2018-05,2019-11,179.09142857142857
2018-05,2019-12,179.09238095238098
2018-05,2020-01,181.9595238095238
2018-05,2020-02,181.9595238095238
2018-05,2020-03,181.9595238095238
2018-05,2020-04,181.9595238095238
2018-06,2018-06,92.70894736842104
2018-06,2018-07,125.13368421052631
2018-06,2018-08,141.49
2018-06,2018-09,151.2863157894737
2018-06,2018-10,158.4921052631579
2018-06,2018-11,158.38421052631574
2018-06,2018-12,168.43052631578954
2018-06,2019-01,190.2199999999999
2018-06,2019-02,190.2199999999999
2018-06,2019-03,190.2199999999999
2018-06,2019-04,184.80578947368423
2018-06,2019-05,184.80578947368423
2018-06,2019-06,184.53947368421055
2018-06,2019-07,184.3752631578947
2018-06,2019-08,184.3752631578947
2018-06,2019-09,184.3752631578947
2018-06,2019-10,184.3752631578947
2018-06,2019-11,184.3752631578947
2018-06,2019-12,184.3752631578947
2018-06,2020-01,186.11736842105262
2018-06,2020-02,186.56684210526316
2018-06,2020-03,186.56684210526316
2018-06,2020-04,186.56684210526316
2018-06,2020-05,186.56684210526316
2018-07,2018-07,85.8475
2018-07,2018-08,125.74749999999996
2018-07,2018-09,150.625
2018-07,2018-10,152.43350000000004
2018-07,2018-11,152.43350000000004
2018-07,2018-12,159.5100000000001
2018-07,2019-01,190.2199999999999
2018-07,2019-02,190.2199999999999
2018-07,2019-03,190.2199999999999
2018-07,2019-04,189.82000000000005
2018-07,2019-05,189.96400000000003
2018-07,2019-06,189.96400000000003
2018-07,2019-07,190.024
2018-07,2019-08,190.024
2018-07,2019-09,190.024
2018-07,2019-10,190.024
2018-07,2019-11,190.024
2018-07,2019-12,190.024
2018-07,2020-01,194.23
2018-07,2020-02,195.19000000000003
2018-07,2020-03,195.19000000000003
2018-07,2020-04,193.4415
2018-07,2020-05,193.4415
2018-07,2020-06,193.4415
2018-08,2018-08,98.91761904761904
2018-08,2018-09,144.32285714285715
2018-08,2018-10,152.05000000000004
2018-08,2018-11,152.05000000000004
2018-08,2018-12,159.5100000000001
2018-08,2019-01,192.44666666666672
2018-08,2019-02,192.44666666666672
2018-08,2019-03,192.44666666666672
2018-08,2019-04,192.13904761904757
2018-08,2019-05,192.27619047619046
2018-08,2019-06,192.27619047619046
2018-08,2019-07,191.99047619047627
2018-08,2019-08,191.99047619047627
2018-08,2019-09,191.75952380952384
2018-08,2019-10,191.75952380952384
2018-08,2019-11,191.75952380952384
2018-08,2019-12,191.75952380952384
2018-08,2020-01,194.23
2018-08,2020-02,195.19000000000003
2018-08,2020-03,195.19000000000003
2018-08,2020-04,192.5
2018-08,2020-05,192.5
2018-08,2020-06,192.5
2018-08,2020-07,192.5
2018-09,2018-09,110.84499999999998
2018-09,2018-10,149.08200000000005
2018-09,2018-11,152.34750000000003
2018-09,2018-12,159.7145000000001
2018-09,2019-01,195.0
2018-09,2019-02,195.0
2018-09,2019-03,195.0
2018-09,2019-04,195.0
2018-09,2019-05,195.0
2018-09,2019-06,195.0
2018-09,2019-07,193.80000000000007
2018-09,2019-08,193.80000000000007
2018-09,2019-09,192.83
2018-09,2019-10,192.83
2018-09,2019-11,192.83
2018-09,2019-12,192.83
2018-09,2020-01,194.23
2018-09,2020-02,195.19000000000003
2018-09,2020-03,195.19000000000003
2018-09,2020-04,192.5
2018-09,2020-05,192.5
2018-09,2020-06,192.5
2018-09,2020-07,192.5
2018-09,2020-08,192.5
2018-10,2018-10,132.93545454545455
2018-10,2018-11,157.2836363636364
2018-10,2018-12,161.7759090909091
2018-10,2019-01,195.13636363636363
2018-10,2019-02,195.13636363636363
2018-10,2019-03,195.13636363636363
2018-10,2019-04,195.13636363636363
2018-10,2019-05,194.70818181818183
2018-10,2019-06,194.70818181818183
2018-10,2019-07,193.61818181818185
2018-10,2019-08,193.61818181818185
2018-10,2019-09,192.73727272727268
2018-10,2019-10,192.73727272727268
2018-10,2019-11,192.73727272727268
2018-10,2019-12,192.73727272727268
2018-10,2020-01,194.23
2018-10,2020-02,195.19000000000003
2018-10,2020-03,195.19000000000003
2018-10,2020-04,192.5
2018-10,2020-05,192.5
2018-10,2020-06,192.5
2018-10,2020-07,192.5
2018-10,2020-08,192.5
2018-10,2020-09,192.5
2018-11,2018-11,128.01
2018-11,2018-12,149.975
2018-11,2019-01,198.0
2018-11,2019-02,198.0
2018-11,2019-03,198.0
2018-11,2019-04,198.0
2018-11,2019-05,196.5
2018-11,2019-06,196.5
2018-11,2019-07,196.5
2018-11,2019-08,196.5
2018-11,2019-09,196.5
2018-11,2019-10,196.5
2018-11,2019-11,196.5
2018-11,2019-12,196.5
2018-11,2020-01,194.23
2018-11,2020-02,195.19000000000003
2018-11,2020-03,195.19000000000003
2018-11,2020-04,192.5
2018-11,2020-05,192.5
2018-11,2020-06,192.5
2018-11,2020-07,192.5
2018-11,2020-08,192.5
2018-11,2020-09,192.5
2018-11,2020-10,192.5
2018-12,2018-12,138.68368421052637
2018-12,2019-01,202.79263157894738
2018-12,2019-02,201.00315789473686
2018-12,2019-03,201.00315789473686
2018-12,2019-04,200.89894736842103
2018-12,2019-05,197.13157894736838
2018-12,2019-06,197.13157894736838
2018-12,2019-07,197.13157894736838
2018-12,2019-08,197.13157894736838
2018-12,2019-09,197.13157894736838
2018-12,2019-10,197.13157894736838
2018-12,2019-11,197.13157894736838
2018-12,2019-12,197.13157894736838
2018-12,2020-01,196.2757894736842
2018-12,2020-02,196.83157894736843
2018-12,2020-03,196.83157894736843
2018-12,2020-04,194.63105263157897
2018-12,2020-05,193.13157894736838
2018-12,2020-06,193.13157894736838
2018-12,2020-07,193.13157894736838
2018-12,2020-08,193.13157894736838
2018-12,2020-09,193.13157894736838
2018-12,2020-10,193.13157894736838
2018-12,2020-11,193.13157894736838
2019-01,2019-01,289.5357142857144
2019-01,2019-02,255.66000000000003
2019-01,2019-03,255.66000000000003
2019-01,2019-04,255.66000000000003
2019-01,2019-05,208.36666666666676
2019-01,2019-06,208.36666666666676
2019-01,2019-07,198.0
2019-01,2019-08,198.0
2019-01,2019-09,198.0
2019-01,2019-10,198.0
2019-01,2019-11,198.0
2019-01,2019-12,198.0
2019-01,2020-01,205.934761904762
2019-01,2020-02,205.934761904762
2019-01,2020-03,205.934761904762
2019-01,2020-04,204.34666666666664
2019-01,2020-05,194.0
2019-01,2020-06,194.0
2019-01,2020-07,194.0
2019-01,2020-08,194.0
2019-01,2020-09,194.0
2019-01,2020-10,194.0
2019-01,2020-11,194.0
2019-01,2020-12,194.0
2019-02,2019-02,288.593
2019-02,2019-03,280.5665
2019-02,2019-04,267.539
2019-02,2019-05,209.8400000000001
2019-02,2019-06,209.8400000000001
2019-02,2019-07,198.0
2019-02,2019-08,198.0
2019-02,2019-09,198.0
2019-02,2019-10,198.0
2019-02,2019-11,198.0
2019-02,2019-12,198.0
2019-02,2020-01,208.30600000000004
2019-02,2020-02,208.30600000000004
2019-02,2020-03,208.30600000000004
2019-02,2020-04,206.7
2019-02,2020-05,194.4
2019-02,2020-06,192.4
2019-02,2020-07,192.4
2019-02,2020-08,192.4
2019-02,2020-09,192.4
2019-02,2020-10,192.4
2019-02,2020-11,192.4
2019-02,2020-12,192.4
2019-02,2021-01,194.0
2019-03,2019-03,284.385
2019-03,2019-04,232.8595
2019-03,2019-05,200.674
2019-03,2019-06,205.049
2019-03,2019-07,204.498
2019-03,2019-08,196.1
2019-03,2019-09,196.1
2019-03,2019-10,196.1
2019-03,2019-11,196.1
2019-03,2019-12,198.0
2019-03,2020-01,211.63000000000005
2019-03,2020-02,211.63000000000005
2019-03,2020-03,211.63000000000005
2019-03,2020-04,210.0
2019-03,2020-05,195.0
2019-03,2020-06,190.0
2019-03,2020-07,190.0
2019-03,2020-08,190.0
2019-03,2020-09,190.0
2019-03,2020-10,190.0
2019-03,2020-11,190.0
2019-03,2020-12,190.0
2019-03,2021-01,194.0
2019-03,2021-02,194.0
2019-04,2019-04,215.639
2019-04,2019-05,197.5565
2019-04,2019-06,199.6505
2019-04,2019-07,201.48800000000003
2019-04,2019-08,196.0
2019-04,2019-09,196.0
2019-04,2019-10,196.0
2019-04,2019-11,196.0
2019-04,2019-12,198.0
2019-04,2020-01,211.63000000000005
2019-04,2020-02,211.63000000000005
2019-04,2020-03,211.63000000000005
2019-04,2020-04,210.0
2019-04,2020-05,195.0
2019-04,2020-06,190.0
2019-04,2020-07,190.0
2019-04,2020-08,190.0
2019-04,2020-09,190.0
2019-04,2020-10,190.0
2019-04,2020-11,190.0
2019-04,2020-12,190.0
2019-04,2021-01,194.0
2019-04,2021-02,194.0
2019-04,2021-03,194.0
2019-05,2019-05,194.11363636363632
2019-05,2019-06,194.21045454545452
2019-05,2019-07,195.0
2019-05,2019-08,196.0
2019-05,2019-09,196.0
2019-05,2019-10,196.0
2019-05,2019-11,196.0
2019-05,2019-12,198.0
2019-05,2020-01,211.63000000000008
2019-05,2020-02,211.91954545454556
2019-05,2020-03,211.92000000000007
2019-05,2020-04,210.27727272727276
2019-05,2020-05,195.0
2019-05,2020-06,190.0
2019-05,2020-07,190.0
2019-05,2020-08,190.0
2019-05,2020-09,190.0
2019-05,2020-10,190.0
2019-05,2020-11,190.0
2019-05,2020-12,190.0
2019-05,2021-01,194.0
2019-05,2021-02,194.0
2019-05,2021-03,194.0
2019-05,2021-04,194.0
2019-06,2019-06,155.578
2019-06,2019-07,190.27633333333335
2019-06,2019-08,192.47266666666675
2019-06,2019-09,192.7353333333334
2019-06,2019-10,195.66666666666663
2019-06,2019-11,195.66666666666663
2019-06,2019-12,197.0
2019-06,2020-01,211.63000000000008
2019-06,2020-02,226.41266666666655
2019-06,2020-03,226.42100000000008
2019-06,2020-04,214.0
2019-06,2020-05,195.0
2019-06,2020-06,190.0
2019-06,2020-07,190.0
2019-06,2020-08,190.0
2019-06,2020-09,190.0
2019-06,2020-10,190.0
2019-06,2020-11,190.0
2019-06,2020-12,190.0
2019-06,2021-01,194.0
2019-06,2021-02,194.0
2019-06,2021-03,194.0
2019-06,2021-04,194.0
2019-06,2021-05,194.0
2019-07,2019-07,150.75954545454545
2019-07,2019-08,177.6131818181818
2019-07,2019-09,187.5422727272727
2019-07,2019-10,195.0
2019-07,2019-11,195.0
2019-07,2019-12,195.0
2019-07,2020-01,211.63000000000008
2019-07,2020-02,229.15999999999997
2019-07,2020-03,229.17000000000004
2019-07,2020-04,214.0
2019-07,2020-05,195.0
2019-07,2020-06,190.0
2019-07,2020-07,190.0
2019-07,2020-08,190.0
2019-07,2020-09,190.0
2019-07,2020-10,190.0
2019-07,2020-11,190.0
2019-07,2020-12,190.0
2019-07,2021-01,194.0
2019-07,2021-02,194.0
2019-07,2021-03,194.0
2019-07,2021-04,194.0
2019-07,2021-05,194.0
2019-07,2021-06,194.0
2019-08,2019-08,148.97500000000005
2019-08,2019-09,173.8195
2019-08,2019-10,187.95049999999995
2019-08,2019-11,187.95049999999995
2019-08,2019-12,187.95049999999995
2019-08,2020-01,223.53599999999997
2019-08,2020-02,229.66400000000004
2019-08,2020-03,229.66800000000003
2019-08,2020-04,214.0
2019-08,2020-05,195.0
2019-08,2020-06,190.0
2019-08,2020-07,190.0
2019-08,2020-08,190.0
2019-08,2020-09,190.0
2019-08,2020-10,190.0
2019-08,2020-11,190.0
2019-08,2020-12,190.0
2019-08,2021-01,196.85
2019-08,2021-02,196.85
2019-08,2021-03,196.85
2019-08,2021-04,196.85
2019-08,2021-05,196.85
2019-08,2021-06,196.85
2019-08,2021-07,196.85
2019-09,2019-09,210.13142857142853
2019-09,2019-10,194.44714285714286
2019-09,2019-11,193.66571428571427
2019-09,2019-12,193.66571428571427
2019-09,2020-01,230.0
2019-09,2020-02,230.0
2019-09,2020-03,230.0
2019-09,2020-04,214.0
2019-09,2020-05,195.0
2019-09,2020-06,190.0
2019-09,2020-07,190.0
2019-09,2020-08,190.0
2019-09,2020-09,190.0
2019-09,2020-10,191.94523809523807
2019-09,2020-11,191.94523809523807
2019-09,2020-12,191.94523809523807
2019-09,2021-01,200.0
2019-09,2021-02,200.0
2019-09,2021-03,200.0
2019-09,2021-04,200.0
2019-09,2021-05,200.0
2019-09,2021-06,200.0
2019-09,2021-07,200.0
2019-09,2021-08,200.0
2019-10,2019-10,320.57954545454544
2019-10,2019-11,249.78363636363645
2019-10,2019-12,246.91499999999996
2019-10,2020-01,230.73181818181817
2019-10,2020-02,230.73181818181817
2019-10,2020-03,230.73181818181817
2019-10,2020-04,214.68090909090915
2019-10,2020-05,195.62363636363636
2019-10,2020-06,190.60454545454542
2019-10,2020-07,190.60454545454542
2019-10,2020-08,190.60454545454542
2019-10,2020-09,190.60454545454542
2019-10,2020-10,193.61727272727265
2019-10,2020-11,193.61727272727265
2019-10,2020-12,193.61727272727265
2019-10,2021-01,200.0
2019-10,2021-02,200.0
2019-10,2021-03,200.0
2019-10,2021-04,200.0
2019-10,2021-05,200.0
2019-10,2021-06,200.0
2019-10,2021-07,200.0
2019-10,2021-08,200.0
2019-10,2021-09,200.0
2019-11,2019-11,233.9610526315789
2019-11,2019-12,248.04473684210527
2019-11,2020-01,231.99263157894745
2019-11,2020-02,231.99263157894745
2019-11,2020-03,231.99263157894745
2019-11,2020-04,207.30947368421056
2019-11,2020-05,194.4
2019-11,2020-06,192.4915789473684
2019-11,2020-07,192.4915789473684
2019-11,2020-08,193.13947368421054
2019-11,2020-09,194.25526315789475
2019-11,2020-10,195.41631578947369
2019-11,2020-11,195.41631578947369
2019-11,2020-12,197.36368421052632
2019-11,2021-01,200.0
2019-11,2021-02,200.0
2019-11,2021-03,200.0
2019-11,2021-04,200.0
2019-11,2021-05,190.708947368421
2019-11,2021-06,190.708947368421
2019-11,2021-07,190.708947368421
2019-11,2021-08,190.708947368421
2019-11,2021-09,190.708947368421
2019-11,2021-10,200.0
2019-12,2019-12,288.68000000000006
2019-12,2020-01,249.595
2019-12,2020-02,249.395
2019-12,2020-03,249.395
2019-12,2020-04,205.0
2019-12,2020-05,195.0
2019-12,2020-06,195.0
2019-12,2020-07,195.0
2019-12,2020-08,195.0
2019-12,2020-09,198.0
2019-12,2020-10,198.0
2019-12,2020-11,198.0
2019-12,2020-12,198.0
2019-12,2021-01,209.83500000000004
2019-12,2021-02,209.83500000000004
2019-12,2021-03,209.83500000000004
2019-12,2021-04,200.0
2019-12,2021-05,192.0
2019-12,2021-06,192.0
2019-12,2021-07,192.0
2019-12,2021-08,192.0
2019-12,2021-09,192.0
2019-12,2021-10,200.0
2019-12,2021-11,200.0
2020-01,2020-01,281.96666666666664
2020-01,2020-02,267.9857142857142
2020-01,2020-03,266.7785714285713
2020-01,2020-04,204.9142857142857
2020-01,2020-05,196.41190476190476
2020-01,2020-06,196.41190476190476
2020-01,2020-07,196.22142857142856
2020-01,2020-08,196.22142857142856
2020-01,2020-09,198.3809523809524
2020-01,2020-10,198.3809523809524
2020-01,2020-11,198.3809523809524
2020-01,2020-12,198.3809523809524
2020-01,2021-01,228.5976190476191
2020-01,2021-02,228.5976190476191
2020-01,2021-03,228.5976190476191
2020-01,2021-04,201.81904761904758
2020-01,2021-05,199.41666666666663
2020-01,2021-06,199.41666666666663
2020-01,2021-07,197.66190476190476
2020-01,2021-08,197.66190476190476
2020-01,2021-09,197.66190476190476
2020-01,2021-10,200.0642857142857
2020-01,2021-11,200.0642857142857
2020-01,2021-12,200.0642857142857
2020-02,2020-02,353.83499999999987
2020-02,2020-03,286.56
2020-02,2020-04,211.79
2020-02,2020-05,205.915
2020-02,2020-06,203.49999999999997
2020-02,2020-07,202.08
2020-02,2020-08,201.05
2020-02,2020-09,201.05
2020-02,2020-10,201.66000000000003
2020-02,2020-11,201.9675
2020-02,2020-12,205.53250000000003
2020-02,2021-01,228.1975
2020-02,2021-02,222.575
2020-02,2021-03,222.575
2020-02,2021-04,219.0925
2020-02,2021-05,219.0925
2020-02,2021-06,219.0925
2020-02,2021-07,218.0225
2020-02,2021-08,214.1425
2020-02,2021-09,214.1425
2020-02,2021-10,214.1425
2020-02,2021-11,214.1425
2020-02,2021-12,214.1425
2020-02,2022-01,214.1425
2020-03,2020-03,336.55952380952374
2020-03,2020-04,231.95714285714283
2020-03,2020-05,211.1761904761904
2020-03,2020-06,206.44999999999993
2020-03,2020-07,206.44999999999993
2020-03,2020-08,205.15000000000003
2020-03,2020-09,205.15000000000003
2020-03,2020-10,206.05000000000007
2020-03,2020-11,208.32619047619045
2020-03,2020-12,216.99761904761903
2020-03,2021-01,228.84952380952384
2020-03,2021-02,223.54523809523806
2020-03,2021-03,221.94999999999993
2020-03,2021-04,221.94999999999993
2020-03,2021-05,221.94999999999993
2020-03,2021-06,221.94999999999993
2020-03,2021-07,221.94999999999993
2020-03,2021-08,221.94999999999993
2020-03,2021-09,225.62380952380948
2020-03,2021-10,225.62380952380948
2020-03,2021-11,225.62380952380948
2020-03,2021-12,225.62380952380948
2020-03,2022-01,225.62380952380948
2020-03,2022-02,225.62380952380948
2020-04,2020-04,233.9775
2020-04,2020-05,213.1625
2020-04,2020-06,206.97
2020-04,2020-07,206.995
2020-04,2020-08,207.6875
2020-04,2020-09,207.8175
2020-04,2020-10,210.1075
2020-04,2020-11,211.0175
2020-04,2020-12,220.41
2020-04,2021-01,228.85
2020-04,2021-02,225.32250000000005
2020-04,2021-03,223.0
2020-04,2021-04,222.99
2020-04,2021-05,222.99
2020-04,2021-06,222.99
2020-04,2021-07,222.99
2020-04,2021-08,222.99
2020-04,2021-09,223.3575
2020-04,2021-10,228.48
2020-04,2021-11,228.48
2020-04,2021-12,228.48
2020-04,2022-01,228.48
2020-04,2022-02,228.48
2020-04,2022-03,228.48
2020-05,2020-05,275.8378947368421
2020-05,2020-06,237.7778947368421
2020-05,2020-07,229.00421052631583
2020-05,2020-08,216.11
2020-05,2020-09,214.8015789473684
2020-05,2020-10,219.03684210526316
2020-05,2020-11,218.40473684210528
2020-05,2020-12,225.06
2020-05,2021-01,229.62315789473675
2020-05,2021-02,227.51368421052632
2020-05,2021-03,224.5063157894736
2020-05,2021-04,224.5663157894737
2020-05,2021-05,225.47157894736839
2020-05,2021-06,225.47157894736839
2020-05,2021-07,225.47157894736839
2020-05,2021-08,225.47157894736839
2020-05,2021-09,225.47157894736839
2020-05,2021-10,226.62052631578945
2020-05,2021-11,230.0615789473684
2020-05,2021-12,230.0615789473684
2020-05,2022-01,230.0615789473684
2020-05,2022-02,230.0615789473684
2020-05,2022-03,230.0615789473684
2020-05,2022-04,230.0615789473684
2020-06,2020-06,326.0736842105263
2020-06,2020-07,284.0678947368421
2020-06,2020-08,251.10210526315788
2020-06,2020-09,247.57631578947368
2020-06,2020-10,254.57947368421054
2020-06,2020-11,249.94210526315786
2020-06,2020-12,254.46263157894737
2020-06,2021-01,250.0747368421053
2020-06,2021-02,252.36684210526326
2020-06,2021-03,248.89315789473687
2020-06,2021-04,241.35315789473685
2020-06,2021-05,236.70368421052632
2020-06,2021-06,229.38578947368418
2020-06,2021-07,229.38578947368418
2020-06,2021-08,229.38578947368418
2020-06,2021-09,229.38578947368418
2020-06,2021-10,229.38578947368418
2020-06,2021-11,229.7005263157895
2020-06,2021-12,231.5
2020-06,2022-01,231.5
2020-06,2022-02,231.5
2020-06,2022-03,231.5
2020-06,2022-04,231.5
2020-06,2022-05,231.5
2020-07,2020-07,194.01590909090908
2020-07,2020-08,220.04090909090905
2020-07,2020-09,231.9118181818182
2020-07,2020-10,242.0918181818182
2020-07,2020-11,241.33636363636367
2020-07,2020-12,241.92136363636368
2020-07,2021-01,251.51909090909083
2020-07,2021-02,251.51909090909083
2020-07,2021-03,251.51909090909083
2020-07,2021-04,240.02818181818185
2020-07,2021-05,239.17454545454547
2020-07,2021-06,227.61499999999995
2020-07,2021-07,227.82045454545448
2020-07,2021-08,227.82045454545448
2020-07,2021-09,227.82045454545448
2020-07,2021-10,227.82045454545448
2020-07,2021-11,227.82045454545448
2020-07,2021-12,228.02227272727268
2020-07,2022-01,235.38681818181811
2020-07,2022-02,235.38681818181811
2020-07,2022-03,235.38681818181811
2020-07,2022-04,235.38681818181811
2020-07,2022-05,235.38681818181811
2020-07,2022-06,235.38681818181811
2020-08,2020-08,158.8610526315789
2020-08,2020-09,193.34421052631578
2020-08,2020-10,213.60421052631577
2020-08,2020-11,213.60421052631577
2020-08,2020-12,213.60421052631577
2020-08,2021-01,235.60684210526318
2020-08,2021-02,235.60684210526318
2020-08,2021-03,235.60684210526318
2020-08,2021-04,232.10684210526313
2020-08,2021-05,232.10684210526313
2020-08,2021-06,211.7110526315789
2020-08,2021-07,211.65210526315792
2020-08,2021-08,211.65210526315792
2020-08,2021-09,211.65210526315792
2020-08,2021-10,211.65210526315792
2020-08,2021-11,211.65210526315792
2020-08,2021-12,211.65210526315792
2020-08,2022-01,227.55000000000004
2020-08,2022-02,230.32210526315788
2020-08,2022-03,230.32210526315788
2020-08,2022-04,230.50578947368425
2020-08,2022-05,230.50578947368425
2020-08,2022-06,230.50578947368425
2020-08,2022-07,230.50578947368425
2020-09,2020-09,157.64499999999995
2020-09,2020-10,176.1322727272727
2020-09,2020-11,188.70545454545453
2020-09,2020-12,205.0695454545454
2020-09,2021-01,223.04318181818184
2020-09,2021-02,223.04318181818184
2020-09,2021-03,223.49454545454552
2020-09,2021-04,220.4027272727273
2020-09,2021-05,220.4027272727273
2020-09,2021-06,207.08954545454543
2020-09,2021-07,203.9881818181818
2020-09,2021-08,203.9881818181818
2020-09,2021-09,203.9881818181818
2020-09,2021-10,203.9881818181818
2020-09,2021-11,203.9881818181818
2020-09,2021-12,203.9881818181818
2020-09,2022-01,228.690909090909
2020-09,2022-02,228.690909090909
2020-09,2022-03,228.690909090909
2020-09,2022-04,228.690909090909
2020-09,2022-05,228.690909090909
2020-09,2022-06,228.690909090909
2020-09,2022-07,228.690909090909
2020-09,2022-08,228.690909090909
2020-10,2020-10,163.41190476190476
2020-10,2020-11,180.87047619047615
2020-10,2020-12,196.95428571428573
2020-10,2021-01,219.84428571428575
2020-10,2021-02,219.84428571428575
2020-10,2021-03,219.84428571428575
2020-10,2021-04,214.45190476190484
2020-10,2021-05,214.5880952380953
2020-10,2021-06,214.302380952381
2020-10,2021-07,210.86952380952386
2020-10,2021-08,210.86952380952386
2020-10,2021-09,210.44428571428568
2020-10,2021-10,210.44428571428568
2020-10,2021-11,210.44428571428568
2020-10,2021-12,210.44428571428568
2020-10,2022-01,228.0466666666666
2020-10,2022-02,228.0466666666666
2020-10,2022-03,228.0466666666666
2020-10,2022-04,228.0466666666666
2020-10,2022-05,228.0466666666666
2020-10,2022-06,228.0466666666666
2020-10,2022-07,228.0466666666666
2020-10,2022-08,228.0466666666666
2020-10,2022-09,228.0466666666666
2020-11,2020-11,186.6147368421053
2020-11,2020-12,194.90315789473686
2020-11,2021-01,219.33210526315796
2020-11,2021-02,219.94210526315788
2020-11,2021-03,220.0
2020-11,2021-04,219.21052631578945
2020-11,2021-05,217.162105263158
2020-11,2021-06,217.162105263158
2020-11,2021-07,217.162105263158
2020-11,2021-08,217.162105263158
2020-11,2021-09,217.53052631578961
2020-11,2021-10,217.53052631578961
2020-11,2021-11,217.53052631578961
2020-11,2021-12,218.18421052631575
2020-11,2022-01,228.9463157894737
2020-11,2022-02,228.9463157894737
2020-11,2022-03,228.9463157894737
2020-11,2022-04,228.9463157894737
2020-11,2022-05,228.24210526315792
2020-11,2022-06,228.24210526315792
2020-11,2022-07,228.24210526315792
2020-11,2022-08,228.24210526315792
2020-11,2022-09,228.24210526315792
2020-11,2022-10,228.24210526315792
2020-11,2022-11,228.02666666666664
2020-11,2022-12,228.71666666666667
2020-11,2023-01,230.0
2020-11,2023-02,230.0
2020-11,2023-03,230.0
2020-11,2023-04,230.0
2020-11,2023-05,230.0
2020-11,2023-06,230.0
2020-11,2023-07,230.0
2020-11,2023-08,230.0
2020-11,2023-09,230.0
2020-11,2023-10,230.0
2020-11,2023-11,230.0
2020-11,2023-12,230.0
2020-11,2024-01,228.0
2020-11,2024-02,228.0
2020-11,2024-03,228.0
2020-11,2024-04,228.0
2020-11,2024-05,228.0
2020-11,2024-06,228.0
2020-11,2024-07,228.0
2020-11,2024-08,228.0
2020-11,2024-09,228.0
2020-11,2024-10,228.0
2020-11,2024-11,228.0
2020-11,2024-12,228.0
2020-11,2025-01,226.0
2020-11,2025-02,226.0
2020-11,2025-03,226.0
2020-11,2025-04,226.0
2020-11,2025-05,226.0
2020-11,2025-06,226.0
2020-11,2025-07,226.0
2020-11,2025-08,226.0
2020-11,2025-09,226.0
2020-11,2025-10,226.0
2020-11,2025-11,226.0
2020-11,2025-12,226.0
2020-11,2026-01,235.0
2020-11,2026-02,235.0
2020-11,2026-03,235.0
2020-11,2026-04,235.0
2020-11,2026-05,235.0
2020-11,2026-06,235.0
2020-11,2026-07,235.0
2020-11,2026-08,235.0
2020-11,2026-09,235.0
2020-11,2026-10,235.0
2020-12,2020-12,163.88699999999997
2020-12,2021-01,200.34500000000003
2020-12,2021-02,211.176
2020-12,2021-03,211.285
2020-12,2021-04,218.4315
2020-12,2021-05,218.0735
2020-12,2021-06,218.0735
2020-12,2021-07,218.0735
2020-12,2021-08,218.0735
2020-12,2021-09,218.074
2020-12,2021-10,218.274
2020-12,2021-11,218.274
2020-12,2021-12,220.0
2020-12,2022-01,229.23999999999995
2020-12,2022-02,229.23999999999995
2020-12,2022-03,229.23999999999995
2020-12,2022-04,229.23999999999995
2020-12,2022-05,227.915
2020-12,2022-06,227.915
2020-12,2022-07,227.915
2020-12,2022-08,227.915
2020-12,2022-09,227.915
2020-12,2022-10,227.915
2020-12,2022-11,227.915
2020-12,2022-12,229.23999999999995
2020-12,2023-01,230.1
2020-12,2023-02,230.1
2020-12,2023-03,230.1
2020-12,2023-04,230.1
2020-12,2023-05,230.1
2020-12,2023-06,230.1
2020-12,2023-07,230.1
2020-12,2023-08,230.1
2020-12,2023-09,230.1
2020-12,2023-10,230.1
2020-12,2023-11,230.1
2020-12,2023-12,230.1
2020-12,2024-01,227.655
2020-12,2024-02,227.655
2020-12,2024-03,227.655
2020-12,2024-04,227.655
2020-12,2024-05,227.655
2020-12,2024-06,227.655
2020-12,2024-07,227.655
2020-12,2024-08,227.655
2020-12,2024-09,227.655
2020-12,2024-10,227.655
2020-12,2024-11,227.655
2020-12,2024-12,227.655
2020-12,2025-01,226.0
2020-12,2025-02,226.0
2020-12,2025-03,226.0
2020-12,2025-04,226.0
2020-12,2025-05,226.0
2020-12,2025-06,226.0
2020-12,2025-07,226.0
2020-12,2025-08,226.0
2020-12,2025-09,226.0
2020-12,2025-10,226.0
2020-12,2025-11,226.0
2020-12,2025-12,226.0
2020-12,2026-01,234.64750000000004
2020-12,2026-02,234.64750000000004
2020-12,2026-03,234.64750000000004
2020-12,2026-04,234.64750000000004
2020-12,2026-05,234.64750000000004
2020-12,2026-06,234.64750000000004
2020-12,2026-07,234.64750000000004
2020-12,2026-08,234.64750000000004
2020-12,2026-09,234.64750000000004
2020-12,2026-10,234.64750000000004
2020-12,2026-11,234.64750000000004
2021-01,2021-01,176.7505263157895
2021-01,2021-02,205.07684210526313
2021-01,2021-03,209.18052631578945
2021-01,2021-04,216.28947368421046
2021-01,2021-05,216.28947368421046
2021-01,2021-06,216.28947368421046
2021-01,2021-07,216.28947368421046
2021-01,2021-08,216.28947368421046
2021-01,2021-09,216.28947368421046
2021-01,2021-10,218.60526315789474
2021-01,2021-11,218.60526315789474
2021-01,2021-12,218.60526315789474
2021-01,2022-01,225.03947368421046
2021-01,2022-02,225.03947368421046
2021-01,2022-03,225.03947368421046
2021-01,2022-04,225.03947368421046
2021-01,2022-05,224.15789473684208
2021-01,2022-06,224.15789473684208
2021-01,2022-07,224.15789473684208
2021-01,2022-08,224.15789473684208
2021-01,2022-09,224.15789473684208
2021-01,2022-10,224.15789473684208
2021-01,2022-11,224.15789473684208
2021-01,2022-12,225.03947368421046
2021-01,2023-01,231.21315789473684
2021-01,2023-02,231.21315789473684
2021-01,2023-03,231.21315789473684
2021-01,2023-04,231.21315789473684
2021-01,2023-05,231.21315789473684
2021-01,2023-06,231.21315789473684
2021-01,2023-07,231.21315789473684
2021-01,2023-08,231.21315789473684
2021-01,2023-09,231.21315789473684
2021-01,2023-10,231.21315789473684
2021-01,2023-11,231.21315789473684
2021-01,2023-12,231.21315789473684
2021-01,2024-01,227.54
2021-01,2024-02,227.54
2021-01,2024-03,227.54
2021-01,2024-04,227.54
2021-01,2024-05,227.54
2021-01,2024-06,227.54
2021-01,2024-07,227.54
2021-01,2024-08,227.54
2021-01,2024-09,227.54
2021-01,2024-10,227.54
2021-01,2024-11,227.54
2021-01,2024-12,227.54
2021-01,2025-01,225.46473684210525
2021-01,2025-02,225.46473684210525
2021-01,2025-03,225.46473684210525
2021-01,2025-04,225.46473684210525
2021-01,2025-05,225.46473684210525
2021-01,2025-06,225.46473684210525
2021-01,2025-07,225.46473684210525
2021-01,2025-08,225.46473684210525
2021-01,2025-09,225.46473684210525
2021-01,2025-10,225.46473684210525
2021-01,2025-11,225.46473684210525
2021-01,2025-12,225.46473684210525
2021-01,2026-01,233.97263157894744
2021-01,2026-02,233.97263157894744
2021-01,2026-03,233.97263157894744
2021-01,2026-04,233.97263157894744
2021-01,2026-05,233.97263157894744
2021-01,2026-06,233.97263157894744
2021-01,2026-07,233.97263157894744
2021-01,2026-08,233.97263157894744
2021-01,2026-09,233.97263157894744
2021-01,2026-10,233.97263157894744
2021-01,2026-11,233.97263157894744
2021-01,2026-12,233.97263157894744
2021-02,2021-02,247.62100000000004
2021-02,2021-03,234.0665
2021-02,2021-04,221.1785
2021-02,2021-05,215.75
2021-02,2021-06,215.75
2021-02,2021-07,215.75
2021-02,2021-08,215.75
2021-02,2021-09,215.75
2021-02,2021-10,220.0
2021-02,2021-11,220.0
2021-02,2021-12,220.0
2021-02,2022-01,225.157
2021-02,2022-02,225.157
2021-02,2022-03,225.157
2021-02,2022-04,225.157
2021-02,2022-05,224.657
2021-02,2022-06,224.657
2021-02,2022-07,224.657
2021-02,2022-08,224.657
2021-02,2022-09,224.657
2021-02,2022-10,224.657
2021-02,2022-11,224.657
2021-02,2022-12,224.657
2021-02,2023-01,230.66200000000003
2021-02,2023-02,230.66200000000003
2021-02,2023-03,230.66200000000003
2021-02,2023-04,230.66200000000003
2021-02,2023-05,230.66200000000003
2021-02,2023-06,230.66200000000003
2021-02,2023-07,230.66200000000003
2021-02,2023-08,230.66200000000003
2021-02,2023-09,230.66200000000003
2021-02,2023-10,230.66200000000003
2021-02,2023-11,230.66200000000003
2021-02,2023-12,230.66200000000003
2021-02,2024-01,227.486
2021-02,2024-02,227.486
2021-02,2024-03,227.486
2021-02,2024-04,227.486
2021-02,2024-05,227.486
2021-02,2024-06,227.486
2021-02,2024-07,227.486
2021-02,2024-08,227.486
2021-02,2024-09,227.486
2021-02,2024-10,227.486
2021-02,2024-11,227.486
2021-02,2024-12,227.486
2021-02,2025-01,224.2505
2021-02,2025-02,224.2505
2021-02,2025-03,224.2505
2021-02,2025-04,224.2505
2021-02,2025-05,224.2505
2021-02,2025-06,224.2505
2021-02,2025-07,224.2505
2021-02,2025-08,224.2505
2021-02,2025-09,224.2505
2021-02,2025-10,224.2505
2021-02,2025-11,224.2505
2021-02,2025-12,224.2505
2021-02,2026-01,231.0
2021-02,2026-02,231.0
2021-02,2026-03,231.0
2021-02,2026-04,231.0
2021-02,2026-05,231.0
2021-02,2026-06,231.0
2021-02,2026-07,231.0
2021-02,2026-08,231.0
2021-02,2026-09,231.0
2021-02,2026-10,231.0
2021-02,2026-11,231.0
2021-02,2026-12,231.0
2021-02,2027-01,231.0
2021-03,2021-03,199.77590909090912
2021-03,2021-04,199.85954545454544
2021-03,2021-05,212.78909090909093
2021-03,2021-06,212.78909090909093
2021-03,2021-07,212.78909090909093
2021-03,2021-08,212.78909090909093
2021-03,2021-09,212.78909090909093
2021-03,2021-10,220.0
2021-03,2021-11,220.0
2021-03,2021-12,220.0
2021-03,2022-01,235.14863636363626
2021-03,2022-02,235.14863636363626
2021-03,2022-03,235.14863636363626
2021-03,2022-04,235.14863636363626
2021-03,2022-05,226.79590909090916
2021-03,2022-06,226.79590909090916
2021-03,2022-07,226.56272727272727
2021-03,2022-08,226.56272727272727
2021-03,2022-09,226.56272727272727
2021-03,2022-10,226.56272727272727
2021-03,2022-11,228.13409090909093
2021-03,2022-12,228.13409090909093
2021-03,2023-01,229.70272727272732
2021-03,2023-02,229.70272727272732
2021-03,2023-03,229.70272727272732
2021-03,2023-04,229.70272727272732
2021-03,2023-05,229.70272727272732
2021-03,2023-06,229.70272727272732
2021-03,2023-07,229.70272727272732
2021-03,2023-08,229.70272727272732
2021-03,2023-09,229.70272727272732
2021-03,2023-10,229.70272727272732
2021-03,2023-11,229.70272727272732
2021-03,2023-12,229.70272727272732
2021-03,2024-01,226.46954545454548
2021-03,2024-02,226.46954545454548
2021-03,2024-03,226.46954545454548
2021-03,2024-04,226.46954545454548
2021-03,2024-05,226.46954545454548
2021-03,2024-06,226.46954545454548
2021-03,2024-07,226.46954545454548
2021-03,2024-08,226.46954545454548
2021-03,2024-09,226.46954545454548
2021-03,2024-10,226.46954545454548
2021-03,2024-11,226.46954545454548
2021-03,2024-12,226.46954545454548
2021-03,2025-01,226.95454545454547
2021-03,2025-02,226.95454545454547
2021-03,2025-03,226.95454545454547
2021-03,2025-04,226.95454545454547
2021-03,2025-05,226.95454545454547
2021-03,2025-06,226.95454545454547
2021-03,2025-07,226.95454545454547
2021-03,2025-08,226.95454545454547
2021-03,2025-09,226.95454545454547
2021-03,2025-10,226.95454545454547
2021-03,2025-11,226.95454545454547
2021-03,2025-12,226.95454545454547
2021-03,2026-01,230.45454545454547
2021-03,2026-02,230.45454545454547
2021-03,2026-03,230.45454545454547
2021-03,2026-04,230.45454545454547
2021-03,2026-05,230.45454545454547
2021-03,2026-06,230.45454545454547
2021-03,2026-07,230.45454545454547
2021-03,2026-08,230.45454545454547
2021-03,2026-09,230.45454545454547
2021-03,2026-10,230.45454545454547
2021-03,2026-11,230.45454545454547
2021-03,2026-12,230.45454545454547
2021-03,2027-01,230.45454545454547
2021-03,2027-02,230.45454545454547
2021-04,2021-04,158.8135
2021-04,2021-05,199.6615
2021-04,2021-06,200.6415
2021-04,2021-07,200.6415
2021-04,2021-08,200.77
2021-04,2021-09,201.15
2021-04,2021-10,218.55
2021-04,2021-11,218.55
2021-04,2021-12,218.55
2021-04,2022-01,240.55900000000003
2021-04,2022-02,240.55900000000003
2021-04,2022-03,240.55900000000003
2021-04,2022-04,240.55900000000003
2021-04,2022-05,232.0995
2021-04,2022-06,232.0995
2021-04,2022-07,232.0995
2021-04,2022-08,232.0995
2021-04,2022-09,232.0995
2021-04,2022-10,232.0995
2021-04,2022-11,236.2055
2021-04,2022-12,236.2055
2021-04,2023-01,231.07500000000005
2021-04,2023-02,231.07500000000005
2021-04,2023-03,231.07500000000005
2021-04,2023-04,231.07500000000005
2021-04,2023-05,231.07500000000005
2021-04,2023-06,231.07500000000005
2021-04,2023-07,231.07500000000005
2021-04,2023-08,231.07500000000005
2021-04,2023-09,231.07500000000005
2021-04,2023-10,231.07500000000005
2021-04,2023-11,231.07500000000005
2021-04,2023-12,231.07500000000005
2021-04,2024-01,215.2335
2021-04,2024-02,215.2335
2021-04,2024-03,215.2335
2021-04,2024-04,215.2335
2021-04,2024-05,215.2335
2021-04,2024-06,215.2335
2021-04,2024-07,215.2335
2021-04,2024-08,215.2335
2021-04,2024-09,215.2335
2021-04,2024-10,215.2335
2021-04,2024-11,215.2335
2021-04,2024-12,215.2335
2021-04,2025-01,227.5
2021-04,2025-02,227.5
2021-04,2025-03,227.5
2021-04,2025-04,227.5
2021-04,2025-05,227.5
2021-04,2025-06,227.5
2021-04,2025-07,227.5
2021-04,2025-08,227.5
2021-04,2025-09,227.5
2021-04,2025-10,227.5
2021-04,2025-11,227.5
2021-04,2025-12,227.5
2021-04,2026-01,230.0
2021-04,2026-02,230.0
2021-04,2026-03,230.0
2021-04,2026-04,230.0
2021-04,2026-05,230.0
2021-04,2026-06,230.0
2021-04,2026-07,230.0
2021-04,2026-08,230.0
2021-04,2026-09,230.0
2021-04,2026-10,230.0
2021-04,2026-11,230.0
2021-04,2026-12,230.0
2021-04,2027-01,230.0
2021-04,2027-02,230.0
2021-04,2027-03,230.0
